事案ID,法人名称カナ略語,企業・事業場名称,所在都道府県,所在市区郡町村,公表日,違反法条1,違反条項1,違反法条2,違反条項2,違反法条3,違反条項3,違反法条4,違反条項4,違反法条5,違反条項5,事案概要,送検年月日,不起訴(嫌疑不十分)年月日,不起訴年月日,担当労働局,最終更新日,出典
1,,いわみざわ農業協同組合,北海道,岩見沢市,2016-10-04,労働安全衛生法,第21条,労働安全衛生規則,第431条,,,,,,,はいの崩壊を防止する措置を講じることなく労働者に作業を行わせたもの,2016-10-04,,,北海道,2017-04-18,http://www.mhlw.go.jp/kinkyu/dl/170510-01.pdf
2,カ）,タムラ建設工業,北海道,留萌市,2016-10-18,労働安全衛生法,第31条,労働安全衛生規則,第653条,,,,,,,高さ6.8ｍの屋根の端に手すり等を設けることなく請負人の労働者に作業を行わせたもの,2016-10-18,,,北海道,2017-04-18,http://www.mhlw.go.jp/kinkyu/dl/170510-01.pdf
3,,西村建設,北海道,留萌市,2016-10-18,労働安全衛生法,第21条,労働安全衛生規則,第519条,労働者派遣法,第45条,,,,,高さ6.8ｍの屋根の端に手すり等を設けることなく労働者に作業を行わせたもの,2016-10-18,,,北海道,2017-04-18,http://www.mhlw.go.jp/kinkyu/dl/170510-01.pdf
4,（ユ,小川重機土木,北海道,旭川市,2016-10-19,労働安全衛生法,第21条,労働安全衛生規則,第519条,労働者派遣法,第45条,,,,,高さ8ｍの屋根上で安全帯を使用させることなく労働者に雪下ろし作業を行わせたもの,2016-10-19,,,北海道,2017-04-18,http://www.mhlw.go.jp/kinkyu/dl/170510-01.pdf
5,（カ,北旺運輸,北海道,苫小牧市,2016-11-28,労働安全衛生法,第21条,労働安全衛生規則,第431条,,,,,,,はいの崩壊を防止する措置を講じることなく労働者に作業を行わせたもの,2016-11-28,,,北海道,2017-04-18,http://www.mhlw.go.jp/kinkyu/dl/170510-01.pdf
6,ユ）,伊藤造林,北海道,紋別市,2016-11-28,労働安全衛生法,第20条,労働安全衛生規則,第155条,,,,,,,ドラグ・ショベルの作業計画を定めることなく労働者に作業を行わせたもの,2016-11-28,,,北海道,2017-04-18,http://www.mhlw.go.jp/kinkyu/dl/170510-01.pdf
7,カ）,日洋フレッシュ 釧路工場,北海道,釧路市,2017-01-16,労働安全衛生法,第20条,労働安全衛生規則,第130条の9,,,,,,,食品加工用圧縮機に覆い、囲い等を設けることなく労働者に作業を行わせたもの,2017-01-16,,,北海道,2017-04-18,http://www.mhlw.go.jp/kinkyu/dl/170510-01.pdf
8,カ）,アイスライン,北海道,札幌市,2017-02-01,最低賃金法,第4条,労働基準法,第24条,,,,,,,労働者6名に、2か月間の定期賃金合計約280万円を支払わなかったもの,2017-02-01,,,北海道,2017-04-18,http://www.mhlw.go.jp/kinkyu/dl/170510-01.pdf
9,,長栄堂,北海道,美唄市,2017-03-03,最低賃金法,第4条,,,,,,,,,労働者5名に、5か月間の定期賃金合計約250万円を支払わなかったもの,2017-03-03,,,北海道,2017-04-18,http://www.mhlw.go.jp/kinkyu/dl/170510-01.pdf
10,カ）,松村興業,北海道,旭川市,2017-03-07,労働安全衛生法,第61条,労働安全衛生法施行令,第20条,,,,,,,トラクター・ショベルの運転を無資格の労働者に行わせたもの,2017-03-07,,,北海道,2017-04-18,http://www.mhlw.go.jp/kinkyu/dl/170510-01.pdf
11,（カ）,道南生コン 仁木工場,北海道,余市郡仁木町,2017-03-10,労働安全衛生法,第20条,労働安全衛生規則,第107条,,,,,,,材料送給機械の運転を停止することなく労働者に作業を行わせたもの,2017-03-10,,,北海道,2017-04-18,http://www.mhlw.go.jp/kinkyu/dl/170510-01.pdf
12,カ）,ＭＭＫホンダ,北海道,河西郡芽室町,2017-03-14,労働安全衛生法,第21条,労働安全衛生規則,第519条,,,,,,,高さ2.6ｍの屋根上で安全帯を使用させることなく労働者に板金作業を行わせたもの,2017-03-14,,,北海道,2017-04-18,http://www.mhlw.go.jp/kinkyu/dl/170510-01.pdf
13,カ）,トラスパーリンク,北海道,札幌市,2017-03-16,労働安全衛生法,第20条,労働安全衛生規則第349条,,,,,,,,架空電線に近接する場所で感電防止措置を講じることなく労働者に作業を行わせたもの,2017-03-16,,,北海道,2017-04-18,http://www.mhlw.go.jp/kinkyu/dl/170510-01.pdf
14,（カ,五友プラント工業,福岡,飯塚市,2017-03-17,労働安全衛生法,第20条,ゴンドラ安全規則,第22条,,,,,,,ゴンドラを使用するに当たり作業開始前の点検を労働者に行わせなかったもの,2017-03-17,,,北海道,2017-04-18,http://www.mhlw.go.jp/kinkyu/dl/170510-01.pdf
15,（カ,大建土木,北海道,旭川市,2017-03-23,労働安全衛生法,第100条,労働安全衛生規則,第97条,,,,,,,労働災害の発生状況を偽った労働者死傷病報告を提出したもの,2017-03-23,,,北海道,2017-04-18,http://www.mhlw.go.jp/kinkyu/dl/170510-01.pdf
16,ユ）,市木,北海道,旭川市,2017-03-23,労働安全衛生法,第61条,労働安全衛生法施行令,第20条,ボイラー及び力容器安全規則,第23条,,,,,ボイラーの取扱いの作業を無資格の労働者に行わせたもの,2017-03-23,,,北海道,2017-04-18,http://www.mhlw.go.jp/kinkyu/dl/170510-01.pdf
17,カ）,高松工業,青森,五所川原市,2017-01-27,労働安全衛生法,第31条,労働安全衛生規則,第653条,,,,,,,高さ約3ｍの作業床の端に手すり等を設けることなく、下請負人の労働者に作業を行わせたもの,2017-01-27,,,青森,2017-04-18,http://www.mhlw.go.jp/kinkyu/dl/170510-01.pdf
18,（カ）,星和工業 青森営業所,青森,下北郡東通村,2017-02-27,労働安全衛生法,第31条,労働安全衛生規則,第653条,,,,,,,高さ約23ｍの作業床の端に手すり等を設けることなく、下請負人の労働者に作業を行わせたもの,2017-02-27,,,青森,2017-04-18,http://www.mhlw.go.jp/kinkyu/dl/170510-01.pdf
19,ユ）,村田組,青森,むつ市,2017-02-27,労働安全衛生法,第21条,労働安全衛生規則,第519条,労働者派遣法,第45条,,,,,高さ約23ｍの作業床の端に手すり等を設けることなく、労働者に作業を行わせたもの,2017-02-27,,,青森,2017-04-18,http://www.mhlw.go.jp/kinkyu/dl/170510-01.pdf
20,カ）,ファミリー住宅,青森,八戸市,2017-03-03,最低賃金法,第4条,,,,,,,,,労働者2名に、1か月分の定期賃金合計約71万円を支払わなかったもの,2017-03-03,,,青森,2017-04-18,http://www.mhlw.go.jp/kinkyu/dl/170510-01.pdf
21,カ）,高橋商事 弘前営業所,青森,弘前市,2017-03-07,労働安全衛生法,第61条,労働安全衛生法施行令,第20条,,,,,,,ドラム缶のガス溶断作業を行わせるに当たり、法令で定める資格を有しない労働者に作業を行わせたもの,2017-03-07,,,青森,2017-04-18,http://www.mhlw.go.jp/kinkyu/dl/170510-01.pdf
22,ユ）,グリーン総業,岩手,一関市,2016-10-20,労働安全衛生法,第20条,,,,,,,,,労働安全衛生法規則第151条の78非常の場合に直ちにコンベヤーの運転を停止することができる非常停止装置を備えていなかったもの,2016-10-20,,,岩手,2017-04-18,http://www.mhlw.go.jp/kinkyu/dl/170510-01.pdf
23,,觸澤林業,岩手,岩手郡葛巻町,2016-11-01,労働安全衛生法,第20条,,,,,,,,,労働安全衛生規則第151条の95車両系木材伐出機械で取り扱う伐倒木への接触防止のための立入禁止措置を講じていなかったもの,2016-11-01,,,岩手,2017-04-18,http://www.mhlw.go.jp/kinkyu/dl/170510-01.pdf
24,（カ,東北緑生,岩手,北上市,2016-12-05,労働安全衛生法,第59条,,,,,,,,,労働安全衛生規則第36条第6号の2車両系伐木機械の運転操作の作業に従事させる際に、特別教育を行っていなかったもの,2016-12-05,,,岩手,2017-04-18,http://www.mhlw.go.jp/kinkyu/dl/170510-01.pdf
25,カ）,弘幸興業,宮城,仙台市,2017-02-13,労働安全衛生法,第20条,労働安全衛生規則,第563条,,,,,,,工事現場において、高さ約4ｍの足場上で手すり等を設けることなく、労働者に作業させたもの,2017-02-13,,,宮城,2017-04-18,http://www.mhlw.go.jp/kinkyu/dl/170510-01.pdf
26,ユ）,武山住宅,宮城,石巻市,2017-03-13,労働安全衛生法,第21条,労働安全衛生規則,第519条,,,,,,,木造住宅建築工事現場において、墜落防止措置を講じないまま労働者に2階の床板敷設作業を行わせたもの,2017-03-13,,,宮城,2017-04-18,http://www.mhlw.go.jp/kinkyu/dl/170510-01.pdf
27,（カ,ラコリス,宮城,仙台市,2017-03-27,労働安全衛生法,第14条,労働安全衛生法施行令,第6条,労働安全衛生規則,第375条,,,,,道路新設工事現場において土止め支保工作業主任者が作業を直接指揮しなかったもの,2017-03-27,,,宮城,2017-04-18,http://www.mhlw.go.jp/kinkyu/dl/170510-01.pdf
28,,ＮＳ通信,秋田,男鹿市,2016-10-20,労働安全衛生法,第61条,労働安全衛生法施行令,第20条,,,,,,,高所作業車の技能講習を修了していない者に高所作業車を運転させ、立木の剪定作業等を行わせたもの,2016-10-20,,,秋田,2017-04-18,http://www.mhlw.go.jp/kinkyu/dl/170510-01.pdf
29,,丹波企画,秋田,山本郡八峰町,2016-12-16,労働安全衛生法,第21条,労働安全衛生規則,第519条,,,,,,,労働者に安全帯を使用させることなく1階屋根上で外壁の補修作業を行わせたもの,2016-12-16,,,秋田,2017-04-18,http://www.mhlw.go.jp/kinkyu/dl/170510-01.pdf
30,,晴沢板金工業,秋田,鹿角市,2017-02-13,労働安全衛生法,第21条,労働安全衛生規則,第519条,,,,,,,高さ約6ｍの2階屋根軒先に手すり等を設けることなく労働者にトタンの葺き替え作業を行わせたもの,2017-02-13,,,秋田,2017-04-18,http://www.mhlw.go.jp/kinkyu/dl/170510-01.pdf
31,,あきた湖東農業協同組合,秋田,南秋田郡五城目町,2017-03-13,労働基準法,第32条,,,,,,,,,労働者3名に、36協定の延長時間を超える違法な時間外・休日労働を行わせたもの,2017-03-13,,,秋田,2017-04-18,http://www.mhlw.go.jp/kinkyu/dl/170510-01.pdf
32,カ）,スズキ部品秋田,秋田,南秋田郡井川町,2017-03-14,労働安全衛生法,第20条,クレーン等安全規則,第25条,,,,,,,クレーンの運転についての合図を定めることなくクレーンを用いての荷下ろし作業を行わせたもの,2017-03-14,,,秋田,2017-04-18,http://www.mhlw.go.jp/kinkyu/dl/170510-01.pdf
33,カ）,原堅,秋田,秋田市,2017-03-23,労働安全衛生法,第20条,ゴンドラ安全規則,第17条,労働者派遣法,第45条,,,,,労働者に安全帯を使用させることなくゴンドラの作業床で作業を行わせたもの,2017-03-23,,,秋田,2017-04-18,http://www.mhlw.go.jp/kinkyu/dl/170510-01.pdf
34,（カ,設楽建設興業,山形,西村山郡西川町,2017-01-24,労働安全衛生法,第20条,労働安全衛生規則,第563条,,,,,,,高さ2ｍ以上の足場において労働者に作業を行わせるに際し、手すり等を設けていなかったもの,2017-01-24,,,山形,2017-04-18,http://www.mhlw.go.jp/kinkyu/dl/170510-01.pdf
35,（カ,白石電機,山形,新庄市,2017-03-24,最低賃金法,第4条,,,,,,,,,労働者7名に、2か月間の定期賃金合計約154万円を支払わなかったもの,2017-03-24,,,山形,2017-04-18,http://www.mhlw.go.jp/kinkyu/dl/170510-01.pdf
36,カ）,あえりあ,山形,東根市,2017-03-31,最低賃金法,第4条,,,,,,,,,労働者1名に、3か月間の定期賃金合計約60万円を支払わなかったもの,2017-03-31,,,山形,2017-04-18,http://www.mhlw.go.jp/kinkyu/dl/170510-01.pdf
37,ユ）,スペースワン,福島,須賀川市,2016-11-01,労働安全衛生法,第100条,労働安全衛生規則,第97条,,,,,,,2件の労働災害について、「事務所敷地内で脚立から転落して怪我をした」と虚偽の報告を行ったもの,2016-11-01,,,福島,2017-04-18,http://www.mhlw.go.jp/kinkyu/dl/170510-01.pdf
38,,ゼルテック東北,福島,二本松市,2016-11-24,労働安全衛生法,第59条,労働安全衛生規則,第36条,,,,,,,労働者に、法令で定める除染等業務特別教育を行わずに除染業務に就かせたもの,2016-11-24,,2017-03-31,福島,2017-04-18,http://www.mhlw.go.jp/kinkyu/dl/170510-01.pdf
39,ユ）,トウエイ給食センター,福島,郡山市,2016-01-06,最低賃金法,第4条,,,,,,,,,労働者22名に、1か月間の定期賃金合計約290万円を支払わなかったもの,2017-01-06,,,福島,2017-04-18,http://www.mhlw.go.jp/kinkyu/dl/170510-01.pdf
40,カ）,三本木製作所,福島,郡山市,2017-01-13,労働安全衛生法,第20条,労働安全衛生規則,第131条,,,,,,,プレス機械の安全装置を無効化したまま作業を行わせ、労働者1名が右手指を切断する災害を発生させたもの,2017-01-13,,,福島,2017-04-18,http://www.mhlw.go.jp/kinkyu/dl/170510-01.pdf
41,ユ）,玄蕃商店,福島,いわき市,2017-01-17,労働安全衛生法,第20条,,,,,,,,,労働安全衛生規則第151条の7フォークリフトへの接触を防ぐ措置を講じなかった結果、労働者1人が轢かれて死亡する災害を発生させたもの,2017-01-17,,,福島,2017-04-18,http://www.mhlw.go.jp/kinkyu/dl/170510-01.pdf
42,,石嶋商事,福島,田村市,2017-02-08,労働安全衛生法,第20条,,,,,,,,,労働安全衛生規則第151条の89作業計画及び安全教育を行わず作業させ、労働者1名が集材車の下敷きとなり死亡する災害を発生させたもの,2017-02-08,,,福島,2017-04-18,http://www.mhlw.go.jp/kinkyu/dl/170510-01.pdf
43,（カ,ナル・コーポレーション,福島,福島市,2017-02-20,最低賃金法,第4条,,,,,,,,,労働者3名に、9か月間の定期賃金合計約230万円を支払わなかったもの,2017-02-20,,,福島,2017-04-18,http://www.mhlw.go.jp/kinkyu/dl/170510-01.pdf
44,カ）,メカテック,福島,喜多方市,2017-03-17,労働基準法,第32条,,,,,,,,,労働者7名に、36協定の延長時間を超える違法な時間外・休日労働を行わせたもの,2017-03-17,,,福島,2017-04-18,http://www.mhlw.go.jp/kinkyu/dl/170510-01.pdf
45,ユ）,カネマン,福島,会津若松市,2017-03-30,労働安全衛生法,第100条,労働安全衛生規則,第97条,,,,,,,労働者が両足を骨折した災害について、災害の発生場所や態様について虚偽の報告を行ったもの,2017-03-30,,,福島,2017-04-18,http://www.mhlw.go.jp/kinkyu/dl/170510-01.pdf
46,（カ）,大協樹脂 茨城工場,茨城,鉾田市,2016-10-04,労働安全衛生法,第100条,労働安全衛生規則,第97条,,,,,,,印刷工場内で発生した複数の休業4日以上の労働災害について、労働者死傷病報告書を提出しなかったもの,2016-10-04,,,茨城,2017-04-18,http://www.mhlw.go.jp/kinkyu/dl/170510-01.pdf
47,カ）,沼崎商事,茨城,稲敷郡美浦村,2016-11-16,労働安全衛生法,第100条,労働安全衛生規則,第97条,,,,,,,建設現場で発生した休業4日以上の労働災害について、発生場所を偽った労働者死傷病報告書を提出したもの,2016-11-16,,,茨城,2017-04-18,http://www.mhlw.go.jp/kinkyu/dl/170510-01.pdf
48,ユ）,タキシマ工業,東京,練馬区,2016-11-16,労働安全衛生法,第31条,労働安全衛生規則,第653条,,,,,,,防水工事現場で下請労働者に高さ2ｍ以上の場所で、囲い・手すり等を設けず作業を行わせたもの,2016-11-16,,,茨城,2017-04-18,http://www.mhlw.go.jp/kinkyu/dl/170510-01.pdf
49,,清水工業,埼玉,新座市,2016-11-16,労働安全衛生法,第21条,労働安全衛生規則,第519条,労働者派遣法,第45条,,,,,防水工事現場で労働者に高さ2ｍ以上の場所で、囲い・手すり等を設けず作業を行わせたもの,2016-11-16,,,茨城,2017-04-18,http://www.mhlw.go.jp/kinkyu/dl/170510-01.pdf
50,（カ,パークガーデンホールディングス,茨城,水戸市,2017-02-16,最低賃金法,第4条,,,,,,,,,労働者19名に1か月間の定期賃金約362万円を支払わなかったもの,2017-02-16,,,茨城,2017-04-18,http://www.mhlw.go.jp/kinkyu/dl/170510-01.pdf
51,（ユ,吉原興業,茨城,古河市,2017-03-17,労働安全衛生法,第14条,労働安全衛生法施行令,第6条,,,,,,,労働安全衛生規則第517条の4労働者に鉄筋造倉庫の解体作業を行わせる際、建築物等の鉄骨の組立て等作業主任者を選任していなかったもの,2017-03-17,,,茨城,2017-04-18,http://www.mhlw.go.jp/kinkyu/dl/170510-01.pdf
52,カ）,タカヒロ,茨城,かすみがうら市,2017-03-22,労働安全衛生法,第21条,労働安全衛生規則,第519条,,,,,,,高さ4ｍの保管棚の上で、墜落防止措置を講じることなく労働者に作業を行わせたもの,2017-03-22,,,茨城,2017-04-18,http://www.mhlw.go.jp/kinkyu/dl/170510-01.pdf
53,カ）,双葉,栃木,鹿沼市,2017-01-20,労働安全衛生法,第20条,労働安全衛生規則,第107条,,,,,,,給油作業を行わせるに当たり、ベルトコンベヤーの運転を停止しなかったもの,2017-01-20,,,栃木,2017-04-18,http://www.mhlw.go.jp/kinkyu/dl/170510-01.pdf
54,カ）,ニューナス,栃木,那須塩原市,2017-02-23,労働安全衛生法,第61条,労働安全衛生法施行令,第20条,労働安全衛生規則,第41条,,,,,無資格の労働者にトラクターショベルを運転させたもの,2017-02-23,,,栃木,2017-04-18,http://www.mhlw.go.jp/kinkyu/dl/170510-01.pdf
55,カ）,ニッコークリエート,栃木,栃木市,2017-03-15,労働安全衛生法,第20条,労働安全衛生規則,第28条,,,,,,,産業用ロボットの安全装置が有効に保持されていなかったもの,2017-03-15,,,栃木,2017-04-18,http://www.mhlw.go.jp/kinkyu/dl/170510-01.pdf
56,ユ）,トップメタル,群馬,前橋市,2016-11-18,労働安全衛生法,第20条,労働安全衛生規則,第151条の10,,,,,,,貨物自動車に荷の積み込み作業を行わせるに当たり、偏荷重が生じないように積載しなかったもの,2016-11-18,,,群馬,2017-04-18,http://www.mhlw.go.jp/kinkyu/dl/170510-01.pdf
57,カ）,グルメデリカ,東京,調布市,2016-11-29,労働安全衛生法,第100条,労働安全衛生規則,第97条,,,,,,,4日以上の休業を要する労働災害が発生したのに、遅滞なく労働者死傷病報告を提出しなかったもの,2016-11-29,,,群馬,2017-04-18,http://www.mhlw.go.jp/kinkyu/dl/170510-01.pdf
58,ユ）,新治電気,群馬,利根郡みなかみ町,2017-02-16,労働安全衛生法,第61条,労働安全衛生法施行令,第20条,,,,,,,法令で定める資格を有しない労働者を機体の重量が3トンを超えるドラグ・ショベルの運転の業務に就かせたもの,2017-02-16,,,群馬,2017-04-18,http://www.mhlw.go.jp/kinkyu/dl/170510-01.pdf
59,カ）,子持工芸,群馬,渋川市,2017-03-22,最低賃金法,第4条,,,,,,,,,労働者2名に、1か月間の定期賃金合計約30万円を支払わず、群馬県最低賃金以上の賃金を支払わなかったもの,2017-03-22,,,群馬,2017-04-18,http://www.mhlw.go.jp/kinkyu/dl/170510-01.pdf
60,（カ,精機工業,埼玉,さいたま市,2017-03-02,最低賃金法,第4条,,,,,,,,,労働者10名に、2か月間の定期賃金合計約200万円を支払わなかったもの,2017-03-02,,,埼玉,2017-04-18,http://www.mhlw.go.jp/kinkyu/dl/170510-01.pdf
61,カ）,メリット,埼玉,川越市,2017-03-02,労働基準法,第32条,,,,,,,,,外国人技能実習生を含む労働者7名に、違法な時間外労働を行わせたもの,2017-03-02,,,埼玉,2017-04-18,http://www.mhlw.go.jp/kinkyu/dl/170510-01.pdf
62,カ）,荒井工務店,千葉,市原市,2016-11-07,労働安全衛生法,第21条,労働安全衛生規則,第518条,,,,,,,高さ2.98ｍの梁の上で防網を張り、安全帯を使用させず労働者に作業を行わせていたもの,2016-11-07,,,千葉,2017-04-18,http://www.mhlw.go.jp/kinkyu/dl/170510-01.pdf
63,カ）,キョウエイ 本社工場,千葉,八千代市,2016-11-18,労働安全衛生法,第61条,労働安全衛生法施行令,第20条,労働者派遣法,第45条,,,,,2.8トンのクレーンを使用させるに当たり、玉掛技能講習を修了していない労働者を就かせていたもの,2016-11-18,,,千葉,2017-04-18,http://www.mhlw.go.jp/kinkyu/dl/170510-01.pdf
64,（カ,鈴木板金工業,東京,墨田区,2017-01-13,労働安全衛生法,第21条,労働安全衛生規則,第524条,,,,,,,スレート屋根修理作業において、歩み板を設ける等踏み抜きによる労働者の危険を防止していなかったもの,2017-01-13,,,千葉,2017-04-18,http://www.mhlw.go.jp/kinkyu/dl/170510-01.pdf
65,カ）,ＮＡＡファシリティーズ,千葉,成田市,2017-01-18,労働安全衛生法,第20条,労働安全衛生規則,第339条,,,,,,,変電所内の高圧ケーブルに張り付けていたサーモラベルの交換作業に当たり感電防止措置を講じていなかったもの,2017-01-18,,,千葉,2017-04-18,http://www.mhlw.go.jp/kinkyu/dl/170510-01.pdf
66,（カ,丸佐運送,千葉,長生郡長生村,2017-03-01,労働基準法,第32条,,,,,,,,,労働者1名に、36協定の締結・届出なく違法な時間外・休日労働を行わせたもの,2017-03-01,,,千葉,2017-04-18,http://www.mhlw.go.jp/kinkyu/dl/170510-01.pdf
67,ユ）,レックス,千葉,白井市,2017-03-03,労働安全衛生法,第100条,労働安全衛生規則,第97条,,,,,,,労働災害により4日以上休業したにもかかわらず、労働者死傷病報告書を提出していなかったもの,2017-03-03,,,千葉,2017-04-18,http://www.mhlw.go.jp/kinkyu/dl/170510-01.pdf
68,ユ）,高井商事,東京,江戸川区,2017-03-03,労働安全衛生法,第100条,労働安全衛生規則,第97条,,,,,,,労働災害により4日以上休業したにもかかわらず、労働者死傷病報告書を提出していなかったもの,2017-03-03,,,千葉,2017-04-18,http://www.mhlw.go.jp/kinkyu/dl/170510-01.pdf
69,カ）,兼子 船橋営業所,千葉,船橋市,2017-03-13,労働安全衛生法,第20条,労働安全衛生規則,第107条,,,,,,,古紙の圧縮梱包機の掃除を行わせるに当たり、当該機械の運転を停止させなかったもの,2017-03-13,,,千葉,2017-04-18,http://www.mhlw.go.jp/kinkyu/dl/170510-01.pdf
70,カ）,ハルディン,千葉,印西市,2017-03-15,労働安全衛生法,第20条,労働安全衛生規則,第107条,,,,,,,培養土製造機械の掃除を行わせるに当たり、当該機械の運転を停止させなかったもの,2017-03-15,,,千葉,2017-04-18,http://www.mhlw.go.jp/kinkyu/dl/170510-01.pdf
71,カ）,日本ガストロノミー研究所,東京,渋谷区,2016-12-02,労働基準法,第32条,,,,,,,,,労働者5名に、36協定の延長時間を超える違法な時間外労働を行わせたもの,2016-12-02,,,東京,2017-04-18,http://www.mhlw.go.jp/kinkyu/dl/170510-01.pdf
72,（カ,首都高メンテナンス東東京,東京,中央区,2016-12-27,労働安全衛生法,第30条,労働安全衛生規則,第637条,,,,,,,特定元方事業者（元請）として、作業日ごとに少なくとも1回、作業場所の巡視を行っていなかったもの,2016-12-27,,,東京,2017-04-18,http://www.mhlw.go.jp/kinkyu/dl/170510-01.pdf
73,（カ,優秀塗装,北海道,岩見沢市,2016-12-27,労働安全衛生法,第23条,労働安全衛生規則,第540条,,,,,,,橋梁に設置されたつり足場上に安全な通路を設けていなかったこと,2016-12-27,,,東京,2017-04-18,http://www.mhlw.go.jp/kinkyu/dl/170510-01.pdf
74,カ）,電通,東京,港区,2016-12-28,労働基準法,第32条,,,,,,,,,労働者2名に、36協定の延長時間を超える違法な時間外労働を行わせたもの,2016-12-28,,,東京,2017-04-18,http://www.mhlw.go.jp/kinkyu/dl/170510-01.pdf
75,カ）,伸光舎,東京,八王子市,2017-01-25,最低賃金法,第4条,,,,,,,,,知的障害のある労働者3名に、東京都最低賃金を下回る賃金しか支払わなかったもの,2017-01-25,,,東京,2017-04-18,http://www.mhlw.go.jp/kinkyu/dl/170510-01.pdf
76,カ）,博仙,東京,中野区,2017-02-10,最低賃金法,第4条,,,,,,,,,介護労働者3名に、1か月間の定期賃金を全額支払わなかったもの,2017-02-10,,,東京,2017-04-18,http://www.mhlw.go.jp/kinkyu/dl/170510-01.pdf
77,カ）,丸建興業,東京,杉並区,2017-02-15,労働安全衛生法,第20条,クレーン等安全規則,第74条の2,,,,,,,移動式クレーンで作業を行うに当たり、ワイヤロープで1箇所に玉掛けした荷の下に労働者を立ち入らせたもの,2017-02-15,,,東京,2017-04-18,http://www.mhlw.go.jp/kinkyu/dl/170510-01.pdf
78,（カ）,ヤマトオートワークス 西東京工場,東京,昭島市,2017-02-21,労働安全衛生法,第20条,労働安全衛生規則,第151条の7,,,,,,,貨物自動車に接触するおそれがある箇所に労働者を立ち入らせたもの,2017-02-21,,,東京,2017-04-18,http://www.mhlw.go.jp/kinkyu/dl/170510-01.pdf
79,（カ,ＳＴＡＲ ＲＯＣＫ ＣＯＭＰＡＮＹ,東京,町田市,2017-03-13,労働基準法,第40条,,,,,,,,,労働者2名に、36協定を締結しないまま違法な時間外労働を行わせたもの,2017-03-13,,,東京,2017-04-18,http://www.mhlw.go.jp/kinkyu/dl/170510-01.pdf
80,ユ）,相川,東京,江東区,2017-03-21,最低賃金法,第4条,,,,,,,,,外国人技能実習生3名に、東京都最低賃金を下回る賃金しか支払っていなかったもの,2017-03-21,,,東京,2017-04-18,http://www.mhlw.go.jp/kinkyu/dl/170510-01.pdf
81,ユ）,スカイ物流,東京,東村山市,2017-03-29,労働基準法,第32条,,,,,,,,,労働者7名に、36協定の延長時間を超える違法な時間外労働を行わせたもの,2017-03-29,,,東京,2017-04-18,http://www.mhlw.go.jp/kinkyu/dl/170510-01.pdf
82,カ）,東洋精機製作所,神奈川,綾瀬市,2016-12-01,労働安全衛生法,第14条,労働安全衛生法施行令,第6条,労働安全衛生規則,第133条,,,,,プレス機械作業主任者を選任していなかったもの,2016-12-01,,,神奈川,2017-04-18,http://www.mhlw.go.jp/kinkyu/dl/170510-01.pdf
83,（カ）,三菱電機 情報技術総合研究所,神奈川,鎌倉市,2017-01-11,労働基準法,第32条,,,,,,,,,労働者1名に対して36協定の延長時間を超える時間外労働を行わせたもの,2017-01-11,2017-01-27,,神奈川,2017-04-18,http://www.mhlw.go.jp/kinkyu/dl/170510-01.pdf
84,カ）,シバデン,埼玉,川口市,2017-01-20,労働安全衛生法,第20条,クレーン等安全規則,第30条,,,,,,,スタッカークレーンの修繕工事において、接触防止措置を講じなかったもの,2017-01-20,,,神奈川,2017-04-18,http://www.mhlw.go.jp/kinkyu/dl/170510-01.pdf
85,（カ,東洋ライス,和歌山,和歌山市,2017-01-25,労働安全衛生法,第20条,労働安全衛生規則,第151条の14,,,,,,,フォークリフトについて主たる用途以外の用途で使用をさせたもの,2017-01-25,,,神奈川,2017-04-18,http://www.mhlw.go.jp/kinkyu/dl/170510-01.pdf
86,カ）,富士タクシー,神奈川,横浜市磯子区,2017-03-14,労働基準法,第120条,,,,,,,,,労働基準監督官から臨検監督を受けた際に、虚偽の記載をした日報及び点呼簿を提出したもの,2017-03-14,,,神奈川,2017-04-18,http://www.mhlw.go.jp/kinkyu/dl/170510-01.pdf
87,カ）,八巻工業,神奈川,川崎市高津区,2017-03-17,労働安全衛生法,第100条,労働安全衛生規則,第97条,,,,,,,約3か月間の休業災害を発生させたにもかかわらず、労働者死傷病報告を遅滞なく提出しなかったもの,2017-03-17,,,神奈川,2017-04-18,http://www.mhlw.go.jp/kinkyu/dl/170510-01.pdf
88,（カ,近藤乳業,神奈川,藤沢市,2017-03-23,労働安全衛生法,第20条,労働安全衛生法施行令,第13条,労働安全衛生規則,第27条,,,,,労働者に安全装置を具備していないエレベーターを使用させたもの,2017-03-23,,,神奈川,2017-04-18,http://www.mhlw.go.jp/kinkyu/dl/170510-01.pdf
89,（カ,ホームテクト,東京,町田市,2017-03-24,労働安全衛生,第21条,労働安全衛生規則,第519条,,,,,,,建物解体工事において、墜落防止措置をとることなく労働者に作業を行わせたもの,2017-03-24,,,神奈川,2017-04-18,http://www.mhlw.go.jp/kinkyu/dl/170510-01.pdf
90,カ）,エスアンドエー 新潟営業所,新潟,長岡市,2016-10-12,労働基準法,第32条,,,,,,,,,労働者1名に、36協定の延長時間を超える違法な時間外労働を行わせたもの,2016-10-12,,,新潟,2017-04-18,http://www.mhlw.go.jp/kinkyu/dl/170510-01.pdf
91,（カ）,三協テック 信越新潟支店,新潟,新潟市,2016-11-01,労働安全衛生法,第61条,労働安全衛生法施行令,第20条,,,,,,,法定の運転資格を有しない労働者を、最大荷重が1トン以上となるフォークリフトの運転業務に就かせていたもの,2016-11-01,,,新潟,2017-04-18,http://www.mhlw.go.jp/kinkyu/dl/170510-01.pdf
92,ユ）,曾野木商事,新潟,新潟市,2016-12-01,最低賃金法,第4条,,,,,,,,,労働者21名に、1か月間、新潟県最低賃金以上の賃金を支払わなかったもの,2016-12-01,,,新潟,2017-04-18,http://www.mhlw.go.jp/kinkyu/dl/170510-01.pdf
93,（カ,貝瀬材木,新潟,魚沼市,2017-01-20,労働安全衛生法,第21条,労働安全衛生規則,第519条,,,,,,,手すり等を設けることなく高さ2ｍ以上の屋根上で労働者に作業を行わせたもの,2017-01-20,,,新潟,2017-04-18,http://www.mhlw.go.jp/kinkyu/dl/170510-01.pdf
94,（カ,船屋運輸,新潟,胎内市,2017-02-01,労働安全衛生法,第20条,労働安全衛生規則,第151条の74,,,,,,,保護帽を着用させることなく労働者に貨物自動車の荷台に荷積みする作業を行わせたもの,2017-02-01,,,新潟,2017-04-18,http://www.mhlw.go.jp/kinkyu/dl/170510-01.pdf
95,カ）,ナカショク ペレット工場,新潟,胎内市,2017-02-02,労働安全衛生法,第20条,,,,,,,,,労働安全衛生規則第151条の78ベルトコンベヤーに、非常停止措置を備え付けることなく労働者に作業を行わせたもの,2017-02-02,,,新潟,2017-04-18,http://www.mhlw.go.jp/kinkyu/dl/170510-01.pdf
96,,ゆきぐに森林組合,新潟,上越市,2017-02-06,労働安全衛生法,第21条,労働安全衛生規則第477条,,,,,,,,伐倒の際に待避する場所をあらかじめ定めることなく労働者に伐木作業を行わせたもの,2017-02-06,,,新潟,2017-04-18,http://www.mhlw.go.jp/kinkyu/dl/170510-01.pdf
97,ユ）,ふらんすや,新潟,長岡市,2017-02-08,最低賃金法,第4条,,,,,,,,,労働者8名に、3か月間、新潟県最低賃金以上の賃金を支払わなかったもの,2017-02-08,,,新潟,2017-04-18,http://www.mhlw.go.jp/kinkyu/dl/170510-01.pdf
98,（カ）,パナソニック オートモーティブ＆インダストリアルシステムズ社デバイスソリューション事業部電子制御ソリューションビジネスユニット富山・松江工場,富山,砺波市,2017-03-15,労働基準法,第32条,,,,,,,,,労働者3名に、36協定の延長時間を超える違法な時間外労働を行わせたもの,2017-03-15,,,富山,2017-04-18,http://www.mhlw.go.jp/kinkyu/dl/170510-01.pdf
99,ユ）,天寿商事 福井営業所,福井,福井市,2016-11-16,労働安全衛生法,第21条,労働安全衛生規則,第519条,,,,,,,高さ約4.4ｍの開口部付近において、開口部に囲い等を設けることなく労働者に作業を行わせたもの,2016-11-16,,,福井,2017-04-18,http://www.mhlw.go.jp/kinkyu/dl/170510-01.pdf
100,カ）,ラコーム,福井,勝山市,2016-11-29,労働基準法,第32条,,,,,,,,,技能実習生である労働者6名に、36協定の延長時間を超えて違法な時間外労働を行わせたもの,2016-11-29,,,福井,2017-04-18,http://www.mhlw.go.jp/kinkyu/dl/170510-01.pdf
101,カ）,リブン,福井,勝山市,2016-11-29,労働基準法,第32条,,,,,,,,,技能実習生である労働者6名に、36協定の延長時間を超えて違法な時間外労働を行わせたもの,2016-11-29,,,福井,2017-04-18,http://www.mhlw.go.jp/kinkyu/dl/170510-01.pdf
102,カ）,リブン・ニュー,福井,勝山市,2016-11-29,労働基準法,第32条,,,,,,,,,技能実習生である労働者6名に、36協定の延長時間を超えて違法な時間外労働を行わせたもの,2016-11-29,,,福井,2017-04-18,http://www.mhlw.go.jp/kinkyu/dl/170510-01.pdf
103,ユ）,サンスラックス,福井,大野市,2016-11-29,労働基準法,第32条,,,,,,,,,技能実習生である労働者8名に、36協定の延長時間を超えて違法な時間外労働を行わせたもの,2016-11-29,,,福井,2017-04-18,http://www.mhlw.go.jp/kinkyu/dl/170510-01.pdf
104,カ）,シアス,福井,勝山市,2016-11-29,労働基準法,第32条,,,,,,,,,技能実習生である労働者4名に、36協定の延長時間を超えて違法な時間外労働を行わせたもの,2016-11-29,,,福井,2017-04-18,http://www.mhlw.go.jp/kinkyu/dl/170510-01.pdf
105,ユ）,オカピィ,福井,勝山市,2016-11-29,労働基準法,第32条,,,,,,,,,技能実習生である労働者2名に、36協定の延長時間を超えて違法な時間外労働を行わせたもの,2016-11-29,,,福井,2017-04-18,http://www.mhlw.go.jp/kinkyu/dl/170510-01.pdf
106,カ）,山田地質調査コンサルタント,福井,越前市,2017-02-13,最低賃金法,第4条,,,,,,,,,労働者2名に、5か月間の定期賃金合計約398万円を支払わなかったもの,2017-02-13,,,福井,2017-04-18,http://www.mhlw.go.jp/kinkyu/dl/170510-01.pdf
107,カ）,ニューズ,山梨,富士吉田市,2016-10-06,労働基準法,第37条,,,,,,,,,労働者9名に対し、定額残業代では不足する割増賃金合計約600万円を支払わなかったもの,2016-10-06,,,山梨,2017-04-18,http://www.mhlw.go.jp/kinkyu/dl/170510-01.pdf
108,カ）,順行インターナショナル,山梨,南アルプス市,2017-03-30,労働安全衛生法,第21条,労働安全衛生規則,第519条,,,,,,,高さ約3ｍの解体中の建屋の2階部分で、安全帯等を使用させずに労働者に作業を行わせたもの,2017-03-30,,,山梨,2017-04-18,http://www.mhlw.go.jp/kinkyu/dl/170510-01.pdf
109,イ）,ゆりかご,長野,駒ヶ根市,2016-11-02,労働基準法,第104条の2,,,,,,,,,労働基準監督署長に対し、労働者の労働時間の記録について虚偽の報告をしたもの,2016-11-02,,,長野,2017-04-18,http://www.mhlw.go.jp/kinkyu/dl/170510-01.pdf
110,,ペイントマン竹村塗装店,長野,大町市,2017-02-01,労働安全衛生法,第21条,労働安全衛生規則,第519条,,,,,,,高さ2.5ｍの作業床の端に手すり等を設けることなく、労働者に作業を行わせたもの,2017-02-01,,,長野,2017-04-18,http://www.mhlw.go.jp/kinkyu/dl/170510-01.pdf
111,カ）,ファインプラス 伊那事業所,長野,伊那市,2017-03-22,労働安全衛生法,第20条,労働安全衛生法施行令,第13条,労働安全衛生規則,第27条,,,,,厚生労働大臣の定める基準を満たしていないエレベーターを使用して、労働者に梱包資材を運搬させたもの,2017-03-22,,,長野,2017-04-18,http://www.mhlw.go.jp/kinkyu/dl/170510-01.pdf
112,ユ）,井坪組,長野,飯田市,2017-03-24,最低賃金法,第4条,,,,,,,,,労働者4名に、約2か月間の定期賃金合計約185万円を所定支払日に支払わなかったもの,2017-03-24,,,長野,2017-04-18,http://www.mhlw.go.jp/kinkyu/dl/170510-01.pdf
113,,シャトル代行,長野,長野市,2017-03-24,最低賃金法,第4条,,,,,,,,,労働者1名に対し、約1か月の間、長野県最低賃金額以上の賃金を支払わなかったもの,2017-03-24,,,長野,2017-04-18,http://www.mhlw.go.jp/kinkyu/dl/170510-01.pdf
114,（カ,富士見高原リゾート,長野,富士見町,2017-03-30,労働基準法,第37条,,,,,,,,,労働者に対し、1か月間の深夜労働に対する割増賃金を支払わなかったもの,2017-03-30,,,長野,2017-04-18,http://www.mhlw.go.jp/kinkyu/dl/170510-01.pdf
115,,木曽駒高原天然水協同組合,長野,木曽町,2017-03-31,最低賃金法,第4条,,,,,,,,,労働者8名に、1か月間の定期賃金合計約89万円を所定支払日に支払わなかったもの,2017-03-31,,,長野,2017-04-18,http://www.mhlw.go.jp/kinkyu/dl/170510-01.pdf
116,,ＫＳファッション,岐阜,郡上市,2016-11-11,最低賃金法,第4条,,,,,,,,,労働者3名に、5か月間の定期賃金等合計約198万円を支払わなかったもの,2016-11-11,,,岐阜,2017-04-18,http://www.mhlw.go.jp/kinkyu/dl/170510-01.pdf
117,（カ,テクノタカギ,岐阜,可児市,2016-11-22,労働安全衛生法,第59条,労働安全衛生規則,第35条,,,,,,,労働者の作業を変更する際に、安全教育を行わなかったもの,2016-11-22,,,岐阜,2017-04-18,http://www.mhlw.go.jp/kinkyu/dl/170510-01.pdf
118,カ）,フジ機械,岐阜,土岐市,2016-11-25,労働安全衛生法,第20条,労働安全衛生規則,第151条の14,,,,,,,フォークリフトを主たる用途以外の用途に使用させたもの,2016-11-25,,,岐阜,2017-04-18,http://www.mhlw.go.jp/kinkyu/dl/170510-01.pdf
119,カ）,マルダイ,岐阜,揖斐郡大野町,2016-12-07,労働基準法,第62条,,,,,,,,,トラクター・ショベルの運転業務に18歳未満の労働者を就かせたもの,2016-12-07,,,岐阜,2017-04-18,http://www.mhlw.go.jp/kinkyu/dl/170510-01.pdf
120,カ）,髙野塗装,愛知,名古屋市,2017-01-06,労働安全衛生法,第21条,労働安全衛生規則,第518条,,,,,,,高さ2ｍ以上の箇所で労働者に作業を行わせるに当たり、作業床を設けなかったもの,2017-01-06,,,岐阜,2017-04-18,http://www.mhlw.go.jp/kinkyu/dl/170510-01.pdf
121,カ）,松島屋,岐阜,岐阜市,2017-01-19,最低賃金法,第4条,,,,,,,,,労働者5名に、7か月間の定期賃金合計約254万円を支払わなかったもの,2017-01-19,,,岐阜,2017-04-18,http://www.mhlw.go.jp/kinkyu/dl/170510-01.pdf
122,,矢口縫製,岐阜,山県市,2017-02-10,最低賃金法,第4条,,,,,,,,,労働者3名に、7か月間の定期賃金等合計約350万円を支払わなかったもの,2017-02-10,,,岐阜,2017-04-18,http://www.mhlw.go.jp/kinkyu/dl/170510-01.pdf
123,カ）,山森土本鉱業所,岐阜,土岐市,2017-02-16,じん肺法,第7条,,,,,,,,,常時粉じん作業に従事することになった労働者に、じん肺健康診断を行っていなかったもの,2017-02-16,,,岐阜,2017-04-18,http://www.mhlw.go.jp/kinkyu/dl/170510-01.pdf
124,カ）,Ｇｒｏｗｉｎｇ ｕｐ,岐阜,大垣市,2017-03-09,最低賃金法,第4条,,,,,,,,,労働者14名に、4か月間の定期賃金合計約1100万円を支払わなかったもの,2017-03-09,,,岐阜,2017-04-18,http://www.mhlw.go.jp/kinkyu/dl/170510-01.pdf
125,（カ,シキボウ物流センター,岐阜,海津市,2017-03-17,労働安全衛生法,第21条,労働安全衛生規則,第519条,,,,,,,高さ2.5ｍのラック上の端で、労働者に安全帯等を使用させず作業を行わせたもの,2017-03-17,,,岐阜,2017-04-18,http://www.mhlw.go.jp/kinkyu/dl/170510-01.pdf
126,ユ）,静興建設,静岡,沼津市,2016-10-03,労働安全衛生法,第20条,労働安全衛生規則,第158条,,,,,,,ドラグ・ショベルとの接触するおそれのある箇所に、労働者を立ち入らせていたもの,2016-10-03,,,静岡,2017-04-18,http://www.mhlw.go.jp/kinkyu/dl/170510-01.pdf
127,カ）,ＡＳカンテック,静岡,藤枝市,2017-01-11,最低賃金法,第4条,,,,,,,,,労働者1名に、1か月間の定期賃金合計約20万円を支払わなかったもの,2017-01-11,,,静岡,2017-04-18,http://www.mhlw.go.jp/kinkyu/dl/170510-01.pdf
128,（カ,静岡ジェイエイフーズ,静岡,静岡市,2017-02-08,労働安全衛生法,第20条,労働安全衛生規則,第107条,労働者派遣法,第45条,,,,,コンベヤーの清掃作業を行わせるにあたり、労働者に同コンベヤーの運転停止措置を講じなかったもの,2017-02-08,,,静岡,2017-04-18,http://www.mhlw.go.jp/kinkyu/dl/170510-01.pdf
129,ユ）,竹善工業,静岡,御前崎市,2017-03-14,最低賃金法,第4条,,,,,,,,,労働者3名に、1か月間の定期賃金合計約67万円を支払わなかったもの,2017-03-14,,,静岡,2017-04-18,http://www.mhlw.go.jp/kinkyu/dl/170510-01.pdf
130,,ＬＵＰＩＮＵＳ,愛知,名古屋市天白区,2016-10-03,労働基準法,第24条,,,,,,,,,労働者1名に、2か月間の定期賃金合計約6万円を支払わなかったもの,2016-10-03,,,愛知,2017-04-18,http://www.mhlw.go.jp/kinkyu/dl/170510-01.pdf
131,カ）,桝金,愛知,豊橋市,2016-10-03,最低賃金法,第4条,,,,,,,,,労働者8名に、1か月間の定期賃金合計約100万円を支払わなかったもの,2016-10-03,,,愛知,2017-04-18,http://www.mhlw.go.jp/kinkyu/dl/170510-01.pdf
132,ユ）,シーフードハウス,愛知,名古屋市昭和区,2016-10-03,最低賃金法,第4条,,,,,,,,,労働者4名に、3か月間の定期賃金合計約370万円を支払わなかったもの,2016-10-03,,,愛知,2017-04-18,http://www.mhlw.go.jp/kinkyu/dl/170510-01.pdf
133,カ）,大崎工務店,愛知,稲沢市,2016-10-18,労働安全衛生法,第61条,労働安全衛生法施行令,第20条,労働者派遣法,第45条,,,,,フォークリフトの運転資格を有しない労働者をフォークリフト運転業務に就かせたもの,2016-10-18,,,愛知,2017-04-18,http://www.mhlw.go.jp/kinkyu/dl/170510-01.pdf
134,カ）,伸和 弥富物流センター,愛知,弥富市,2016-10-24,労働安全衛生法,第100条,労働安全衛生規則,第97条,,,,,,,約15日間の休業を要する労働災害が発生したのに、遅滞なく労働者死傷病報告を提出しなかったもの,2016-10-24,,,愛知,2017-04-18,http://www.mhlw.go.jp/kinkyu/dl/170510-01.pdf
135,,サンビイズ,愛知,稲沢市,2016-10-25,労働安全衛生法,第20条,労働安全衛生規則,第101条,,,,,,,裁断機の送りロールに巻き込まれ防止のための防護措置を講じることなく労働者に作業を行わせたもの,2016-10-25,,,愛知,2017-04-18,http://www.mhlw.go.jp/kinkyu/dl/170510-01.pdf
136,カ）,テクノマックス,愛知,田原市,2016-11-11,労働安全衛生法,第100条,労働安全衛生規則,第97条,,,,,,,4日以上の休業を要する労働災害が発生したのに、遅滞なく労働者死傷病報告を提出しなかったもの,2016-11-11,,,愛知,2017-04-18,http://www.mhlw.go.jp/kinkyu/dl/170510-01.pdf
137,（カ,共栄ゴム工業,愛知,弥富市,2016-11-22,労働安全衛生法,第61条,労働安全衛生法施行令,第20条,,,,,,,法令で定める資格を有しない労働者をつり上げ荷重1トンのクレーンの玉掛け業務に就かせたもの,2016-11-22,,,愛知,2017-04-18,http://www.mhlw.go.jp/kinkyu/dl/170510-01.pdf
138,カ）,たんぽぽスマイルワーク,愛知,名古屋市中村区,2016-11-22,最低賃金法,第4条,,,,,,,,,労働者18名に、2か月間の定期賃金合計約140万円を支払わなかったもの,2016-11-22,,,愛知,2017-04-18,http://www.mhlw.go.jp/kinkyu/dl/170510-01.pdf
139,カ）,ＤＡＢＯジャパン,大阪,大阪市中央区,2016-12-01,労働安全衛生法,第21条,労働安全衛生規則,第519条,,,,,,,高さ約5ｍの場所で労働者に配管部品の交換作業を行わせるにあたり、墜落防止措置を講じなかったもの,2016-12-01,,,愛知,2017-04-18,http://www.mhlw.go.jp/kinkyu/dl/170510-01.pdf
140,カ）,トラスト・ワン,愛知,岡崎市,2016-12-01,労働安全衛生法,第100条,労働安全衛生規則,第97条,,,,,,,6日間の休業を要する労働災害が発生したのに、遅滞なく労働者死傷病報告を提出しなかったもの,2016-12-01,,,愛知,2017-04-18,http://www.mhlw.go.jp/kinkyu/dl/170510-01.pdf
141,ユ）,礎組,愛知,岡崎市,2016-12-01,労働安全衛生法,第100条,労働安全衛生規則,第97条,労働者派遣法,第45条,,,,,6日間の休業を要する労働災害が発生したのに、遅滞なく労働者死傷病報告を提出しなかったもの,2016-12-01,,,愛知,2017-04-18,http://www.mhlw.go.jp/kinkyu/dl/170510-01.pdf
142,カ）,大津興業,愛知,岡崎市,2016-12-05,最低賃金法,第4条,,,,,,,,,労働者1名に、2か月間の定期賃金合計約40万円を支払わなかったもの,2016-12-05,,,愛知,2017-04-18,http://www.mhlw.go.jp/kinkyu/dl/170510-01.pdf
143,カ）,エイチエス,愛知,名古屋市北区,2016-12-15,最低賃金法,第4条,,,,,,,,,労働者4名に、6か月間の定期賃金合計約300万円を支払わなかったもの,2016-12-15,,,愛知,2017-04-18,http://www.mhlw.go.jp/kinkyu/dl/170510-01.pdf
144,（カ,曽我建設,愛知,名古屋市名東区,2016-12-16,労働安全衛生法,第59条,労働安全衛生規則第36条,,労働者派遣法,第45条,,,,,特別教育を行っていない労働者を高さ約6ｍの箇所で足場の変更作業に従事させたもの,2016-12-16,,,愛知,2017-04-18,http://www.mhlw.go.jp/kinkyu/dl/170510-01.pdf
145,,稲沢駅前センター商業協同組合,愛知,稲沢市,2017-01-20,最低賃金法,第4条,,,,,,,,,労働者9名に、2か月間の定期賃金の一部（愛知県最低賃金との差額）合計約4万円を支払わなかったもの。,2017-01-20,,,愛知,2017-04-18,http://www.mhlw.go.jp/kinkyu/dl/170510-01.pdf
146,ユ）,フレッシュフーズ稲沢,愛知,稲沢市,2017-01-20,最低賃金法,第4条,,,,,,,,,労働者1名に、2か月間の定期賃金の一部（愛知県最低賃金との差額）合計約1万円を支払わなかったもの,2017-01-20,,,愛知,2017-04-18,http://www.mhlw.go.jp/kinkyu/dl/170510-01.pdf
147,カ）,八雲工業,広島,尾道市,2017-01-20,労働安全衛生法,第20条,労働安全衛生規則,第568条,,,,,,,その日の作業開始前に、つり足場の墜落防止設備の取り外し及び脱落の有無について点検を行わなかったもの,2017-01-20,,,愛知,2017-04-18,http://www.mhlw.go.jp/kinkyu/dl/170510-01.pdf
148,,ファッションアイ,愛知,西尾市,2017-01-24,最低賃金法,第4条,,,,,,,,,労働者1名に、約4か月間の定期賃金合計約13万円を支払わなかったもの,2017-01-24,,,愛知,2017-04-18,http://www.mhlw.go.jp/kinkyu/dl/170510-01.pdf
149,（カ）,日東工営 名古屋支店,愛知,名古屋市中村区,2017-02-10,労働安全衛生法,第22条,石綿障害予防規則,第3条,,,,,,,建築物の解体等の作業を行うにあたり、あらかじめ当該建築物について石綿の使用の有無を調査しなかったもの,2017-02-10,,,愛知,2017-04-18,http://www.mhlw.go.jp/kinkyu/dl/170510-01.pdf
150,カ）,カクイ建設,愛知,名古屋市港区,2017-02-14,労働安全衛生法,第20条,労働安全衛生規則,第160条,,,,,,,車両系建設機械の作業装置を地上に下ろさずに、運転位置から離れたもの,2017-02-14,,,愛知,2017-04-18,http://www.mhlw.go.jp/kinkyu/dl/170510-01.pdf
151,ユ）,参州寿組 豊田営業所,愛知,豊田市,2017-02-17,労働安全衛生法,第20条,クレーン等安全規則,第66条の2,,,,,,,作業場所の広さ、地質の状態等を考慮して移動式クレーンの転倒防止の方法をあらかじめ定めなていなかったもの,2017-02-17,,,愛知,2017-04-18,http://www.mhlw.go.jp/kinkyu/dl/170510-01.pdf
152,カ）,小西生コン 春日井工場,愛知,春日井市,2017-02-20,労働安全衛生法,第20条,労働安全衛生規則,第107条,,,,,,,コンクリートミキサーの清掃作業にあたり、機械の運転禁止措置を行っていなかったもの,2017-02-20,,,愛知,2017-04-18,http://www.mhlw.go.jp/kinkyu/dl/170510-01.pdf
153,カ）,Ｓ＆Ａ,愛知,名古屋市熱田区,2017-03-01,最低賃金法,第4条,,,,,,,,,労働者7名に、1か月間の定期賃金合計約100万円を支払わなかったもの,2017-03-01,,,愛知,2017-04-18,http://www.mhlw.go.jp/kinkyu/dl/170510-01.pdf
154,（カ,ＴＡＩＨＥＩ,愛知,名古屋市中区,2017-03-10,最低賃金法,第4条,,,,,,,,,労働者4名に、3か月間の定期賃金合計約85万円を支払わなかったもの,2017-03-10,,,愛知,2017-04-18,http://www.mhlw.go.jp/kinkyu/dl/170510-01.pdf
155,（カ）,内外物産 刈谷支店,愛知,刈谷市,2017-03-13,労働基準法,第32条,,,,,,,,,労働者1名に、時間外・休日労働に関する協定の届出なく時間外労働を行わせたもの,2017-03-13,,,愛知,2017-04-18,http://www.mhlw.go.jp/kinkyu/dl/170510-01.pdf
156,カ）,ごとう造芸園,愛知,岡崎市,2017-03-21,労働安全衛生法,第100条,労働安全衛生規則,第97条,,,,,,,約6か月以上の休業を要する労働災害について、虚偽の記載をした労働者死傷病報告を提出したもの,2017-03-21,,,愛知,2017-04-18,http://www.mhlw.go.jp/kinkyu/dl/170510-01.pdf
157,ユ）,石川プレス工業所,愛知,津島市,2017-03-23,労働安全衛生法,第45条,労働安全衛生法施行令,第15条,,,,,,,労働安全衛生規則第134条の3プレス機械について、1年に1回、定期に行うべき法定の自主検査を行わず使用していたもの,2017-03-23,,,愛知,2017-04-18,http://www.mhlw.go.jp/kinkyu/dl/170510-01.pdf
158,カ）,アンデルセン,三重,松阪市,2016-10-11,労働基準法,第37条,,,,,,,,,労働者7名に、1か月間の時間外労働の割増賃金合計約96万円を支払わなかったもの,2016-10-11,,,三重,2017-04-18,http://www.mhlw.go.jp/kinkyu/dl/170510-01.pdf
159,,宮本塗装店,三重,伊勢市,2016-11-28,労働安全衛生法,第21条,労働安全衛生規則,第524条,,,,,,,スレート屋根上に歩み板等を設けることなく労働者に高さ約8ｍの高所作業を行わせたもの,2016-11-28,,,三重,2017-04-18,http://www.mhlw.go.jp/kinkyu/dl/170510-01.pdf
160,（ユ,ＳＫエンジニアリング,三重,松阪市,2016-11-14,労働安全衛生法,第21条,労働安全衛生規則,第519条,,,,,,,安全帯を使用させることなく労働者に高さ3.9ｍの高所作業を行わせたもの,2016-11-14,,,三重,2017-04-18,http://www.mhlw.go.jp/kinkyu/dl/170510-01.pdf
161,ユ）,日新商会,三重,名張市,2016-11-14,労働安全衛生法,第21条,労働安全衛生規則,第519条,,,,,,,作業床の端全面に囲い等を設けることなく労働者に高さ3.7ｍの高所作業を行わせたもの,2016-11-14,,,三重,2017-04-18,http://www.mhlw.go.jp/kinkyu/dl/170510-01.pdf
162,カ）,ＳＫスズキ,三重,松阪市,2016-12-08,労働安全衛生法,第21条,労働安全衛生規則,第519条,,,,,,,高さ3.5ｍの2階床の開口部に手すり等を設けることなく労働者に作業を行わせたもの,2016-12-08,,,三重,2017-04-18,http://www.mhlw.go.jp/kinkyu/dl/170510-01.pdf
163,（カ,日進建設,三重,四日市市,2016-12-08,労働安全衛生法,第31条,労働安全衛生規則,第653条,,,,,,,2階床の開口部に手すり等を設ける措置を注文者（元請）として講じることなく労働者に作業を行わせたもの,2016-12-08,,,三重,2017-04-18,http://www.mhlw.go.jp/kinkyu/dl/170510-01.pdf
164,カ）,三重オーケーテクノ,三重,津市,2017-02-16,最低賃金法,第4条,,,,,,,,,労働者3名の定期賃金約1か月間について、三重県最低賃金以上の約48万円を支払わなかったもの,2017-02-16,,,三重,2017-04-18,http://www.mhlw.go.jp/kinkyu/dl/170510-01.pdf
165,（カ,山添建設,三重,度会郡大紀町,2017-03-21,労働安全衛生法,第100条,労働安全衛生規則,第97条,,,,,,,休業4日以上を要する労働災害が発生したのに、遅滞なく労働者死傷病報告書を提出しなかったもの,2017-03-21,,,三重,2017-04-18,http://www.mhlw.go.jp/kinkyu/dl/170510-01.pdf
166,（カ）,セイノースーパーエクスプレス 長浜航空営業所,滋賀,長浜市,2016-10-27,労働安全衛生法,第100条,労働安全衛生規則,第97条,,,,,,,休業4日以上の負傷をした労働災害について、労働者死傷病報告を労働基準監督署長に提出しなかったもの,2016-10-27,,,滋賀,2017-04-18,http://www.mhlw.go.jp/kinkyu/dl/170510-01.pdf
167,ユ）,大樹,京都,京都市,2016-11-01,労働安全衛生法,第20条,労働安全衛生規則,第164条,労働者派遣法,第45条,,,,,車両系建設機械（コンクリート圧砕機）をその主たる用途以外の作業に使用したもの,2016-11-01,,,滋賀,2017-04-18,http://www.mhlw.go.jp/kinkyu/dl/170510-01.pdf
168,カ）,奥田工務店,滋賀,蒲生郡日野町,2017-01-25,労働安全衛生法,第31条,労働安全衛生規則,第653条,,,,,,,請負人の労働者に高さ9.8ｍの作業床を使用させるに際し、手すり等を設けていなかったもの,2017-01-25,,,滋賀,2017-04-18,http://www.mhlw.go.jp/kinkyu/dl/170510-01.pdf
169,,修荘板金,三重,伊賀市,2017-01-25,労働安全衛生法,第21条,労働安全衛生規則,第519条,,,,,,,高さ9.8ｍの作業床で作業を行わせるに当たり、作業床の端に手すり等を設けていなかったもの,2017-01-25,,,滋賀,2017-04-18,http://www.mhlw.go.jp/kinkyu/dl/170510-01.pdf
170,,舟橋工業,京都,舞鶴市,2016-10-20,労働安全衛生法,第21条,労働安全衛生規則,第518条,,,,,,,高さ2.8ｍの家屋解体工事で足場等を設けることなく労働者に解体作業を行わせたもの,2016-10-20,,,京都,2017-04-18,http://www.mhlw.go.jp/kinkyu/dl/170510-01.pdf
171,カ）,グリーンファーム京都,京都,相楽郡山城村,2016-12-20,労働安全衛生法,第20条,労働安全衛生規則,第151条の65,,,,,,,労働者にサイドブレーキが有効な状態でないバキュームカーを使用させたもの,2016-12-20,,,京都,2017-04-18,http://www.mhlw.go.jp/kinkyu/dl/170510-01.pdf
172,カ）,髙橋組,兵庫,神戸市兵庫区,2017-01-25,労働安全衛生法,第21条,労働安全衛生規則,第519条,,,,,,,高さ約30ｍの屋上で手すり等を設けず労働者に足場の組立作業を行わせたもの,2017-01-25,,,京都,2017-04-18,http://www.mhlw.go.jp/kinkyu/dl/170510-01.pdf
173,,まるＤｅＢａｒ,京都,京都市中京区,2017-03-14,労働基準法,第20条,,,,,,,,,労働者に解雇予告手当を支払わなかったもの,2017-03-14,,,京都,2017-04-18,http://www.mhlw.go.jp/kinkyu/dl/170510-01.pdf
174,カ）,グッドブレーン,京都,京都市伏見区,2017-03-23,労働基準法,第24条,,,,,,,,,元労働者17名に2か月間の定期賃金合計約64万円を支払わなかったもの,2017-03-23,,,京都,2017-04-18,http://www.mhlw.go.jp/kinkyu/dl/170510-01.pdf
175,（カ,日本合繊工業,京都,京都市南区,2017-03-24,労働安全衛生法,第20条,労働安全衛生規則,第107条,,,,,,,樹脂加工装置の運転を停止しないまま、同装置の回転ローラーの掃除を労働者に行わせたもの,2017-03-24,,,京都,2017-04-18,http://www.mhlw.go.jp/kinkyu/dl/170510-01.pdf
176,カ）,ナイキシステム,京都,久世郡久御山町,2017-03-30,最低賃金法,第4条,,,,,,,,,労働者10名に2か月間の定期賃金合計約1349万円を支払わなかったもの,2017-03-30,,,京都,2017-04-18,http://www.mhlw.go.jp/kinkyu/dl/170510-01.pdf
177,シヤ）,貿易振興協力会,京都,京都市右京区,2017-03-30,労働基準法,第24条,,,,,,,,,労働者2名に5か月間の定期賃金合計約84万円を支払わなかったもの,2017-03-30,,,京都,2017-04-18,http://www.mhlw.go.jp/kinkyu/dl/170510-01.pdf
178,カ）,コノミヤ,大阪,大阪市,2016-10-20,労働基準法,第32条,,,,,,,,,労働者4名に、36協定の延長時間を超える違法な時間外労働を行わせたもの,2016-10-20,,,大阪,2017-04-18,http://www.mhlw.go.jp/kinkyu/dl/170510-01.pdf
179,（カ）,井口運輸 摂津事業所,大阪,大阪市,2016-10-27,労働安全衛生法,第61条,労働安全衛生法施行令,第20条,労働安全衛生規則,第41条,,,,,車両系荷役運搬機械（フォークリフト）の運転資格を有しない労働者に運転させていたもの,2016-10-27,,,大阪,2017-04-18,http://www.mhlw.go.jp/kinkyu/dl/170510-01.pdf
180,,三交商会,大阪,大阪市,2016-10-28,労働安全衛生法,第100条,労働安全衛生規則,第97条,,,,,,,休業4日以上の労働災害が発生したにもかかわらず、労働者死傷病報告を提出しなかったもの,2016-10-28,,,大阪,2017-04-18,http://www.mhlw.go.jp/kinkyu/dl/170510-01.pdf
181,（カ,光陽工業,大阪,大東市,2016-11-04,労働安全衛生法,第20条,労働安全衛生規則,第131条,,,,,,,プレス機械の安全措置を使用させる等の措置を講じなかったもの,2016-11-04,,,大阪,2017-04-18,http://www.mhlw.go.jp/kinkyu/dl/170510-01.pdf
182,（カ,大豊製罐,大阪,豊中市,2016-11-10,労働安全衛生法,第100条,労働安全衛生規則,第97条,,,,,,,休業4日以上の労働災害が発生したにもかかわらず、労働者死傷病報告を提出しなかったもの,2016-11-10,,,大阪,2017-04-18,http://www.mhlw.go.jp/kinkyu/dl/170510-01.pdf
183,ユ）,ミツトヨ製作所,大阪,大東市,2016-12-15,労働安全衛生法,第20条,労働安全衛生規則,第131条,,,,,,,プレス機械を用いて鉄板の抜き加工作業を行わせるに際して安全確保措置をとっていなかったもの,2016-12-15,,,大阪,2017-04-18,http://www.mhlw.go.jp/kinkyu/dl/170510-01.pdf
184,カ）,翔慶,大阪,門真市,2016-12-15,労働安全衛生法,第20条,労働安全衛生規則,第164条,,,,,,,解体工事を行うに際して、車両系建設機械（掘削用）をその主たる用途以外の用途に使用したもの,2016-12-15,,,大阪,2017-04-18,http://www.mhlw.go.jp/kinkyu/dl/170510-01.pdf
185,ユ）,ヒデル機工 新関西製鐵構内,大阪,堺市,2016-12-27,労働安全衛生法,第61条,労働安全衛生法施行令,第20条,クレーン等安全規則,第22条,,,,,床上操作式クレーンの運転の業務に無資格の労働者を就かせていたもの,2016-12-27,,,大阪,2017-04-18,http://www.mhlw.go.jp/kinkyu/dl/170510-01.pdf
186,カ）,福村,大阪,岸和田市,2016-12-27,労働安全衛生法,第21条,労働安全衛生規則,第524条,,,,,,,屋根の改修工事において、スレート屋根の踏み抜き防止措置を怠ったもの,2016-12-27,,,大阪,2017-04-18,http://www.mhlw.go.jp/kinkyu/dl/170510-01.pdf
187,（カ）,諸星運輸 岸和田営業所,神奈川,小田原市,2017-01-24,労働基準法,第32条,,,,,,,,,労働者1名に、36協定の締結・届出なく、違法な時間外労働を行わせたもの,2017-01-24,,,大阪,2017-04-18,http://www.mhlw.go.jp/kinkyu/dl/170510-01.pdf
188,シヤ）,地域活動支援センター さくら福祉会,大阪,東大阪市,2017-01-31,労働基準法,第104条の2,,,,,,,,,労働基準監督官から報告を求められた際に、虚偽の賃金台帳を添付した報告書を提出したもの,2017-01-31,,,大阪,2017-04-18,http://www.mhlw.go.jp/kinkyu/dl/170510-01.pdf
189,（カ,大日建設,大阪,吹田市,2017-02-02,労働安全衛生法,第20条,労働安全衛生規則,第158条,,,,,,,車両系建設機械を運転して、地山掘削の作業を行うに際して、作業半径内に労働者を立ち入らせたこと,2017-02-02,,,大阪,2017-04-18,http://www.mhlw.go.jp/kinkyu/dl/170510-01.pdf
190,（カ）,日本郵便 新大阪郵便局,大阪,大阪市,2017-02-28,労働安全衛生法,第100条,労働安全衛生規則,第97条,,,,,,,休業4日以上の労働災害が発生したにもかかわらず、労働者死傷病報告を提出しなかったもの,2017-02-28,,,大阪,2017-04-18,http://www.mhlw.go.jp/kinkyu/dl/170510-01.pdf
191,カ）,日進工業,大阪,大阪市,2017-03-06,労働安全衛生法,第14条,労働安全衛生法施行令,第6条,労働安全衛生規則,第134条,,,,,プレス機械の切替キースイッチを作業主任者が保管せず、プレス作業主任者としての職務を行わせなかったもの,2017-03-06,,,大阪,2017-04-18,http://www.mhlw.go.jp/kinkyu/dl/170510-01.pdf
192,カ）,山並工務店,大阪,箕面市,2017-03-13,労働安全衛生法,第100条,労働安全衛生規則,第97条,,,,,,,休業4日以上の労働災害が発生したにもかかわらず、労働者死傷病報告を提出しなかったもの,2017-03-13,,,大阪,2017-04-18,http://www.mhlw.go.jp/kinkyu/dl/170510-01.pdf
193,（カ,岸和田製鋼,大阪,岸和田市,2017-03-13,労働安全衛生法,第30条の2,労働安全衛生規則,第643条の2,,,,,,,工場内で排ガス処理装置のダスト排出ゲートを点検するに際し、関係請負人との連絡調整を行わなかったもの,2017-03-13,,,大阪,2017-04-18,http://www.mhlw.go.jp/kinkyu/dl/170510-01.pdf
194,カ）,三木組,大阪,大阪市,2017-03-13,労働安全衛生法,第91条,,,,,,,,,労働基準監督官の臨検時に労働災害が発生していない旨の虚偽の陳述を行ったもの,2017-03-13,,,大阪,2017-04-18,http://www.mhlw.go.jp/kinkyu/dl/170510-01.pdf
195,（カ）,Ｗｉｎｓｏｎ あベのダイナー,大阪,大阪市,2017-03-16,労働基準法,第24条,,,,,,,,,労働者4名に対する1か月分の定期賃金総額約109万円を支払わなかったもの,2017-03-16,,,大阪,2017-04-18,http://www.mhlw.go.jp/kinkyu/dl/170510-01.pdf
196,カ）,パルスアンドデシベルス,大阪,大阪市,2017-03-27,最低賃金法,第4条,,,,,,,,,労働者1名に対する1か月分の定期賃金総額約23万円を支払わなかったもの,2017-03-27,,,大阪,2017-04-18,http://www.mhlw.go.jp/kinkyu/dl/170510-01.pdf
197,（カ,卜キハマエキスプレス,大阪,泉南郡熊取町,2017-03-28,労働基準法,第32条,,,,,,,,,労働者1名に、36協定の延長時間を超える違法な時間外労働を行わせたもの,2017-03-28,,,大阪,2017-04-18,http://www.mhlw.go.jp/kinkyu/dl/170510-01.pdf
198,（カ,ミナト電機工業,兵庫,姫路市,2016-11-10,労働安全衛生法,第100条,労働安全衛生規則,第97条,,,,,,,事実とは異なる災害発生状況を記載した虚偽の労働者死傷病報告を、所轄労基署に提出したもの,2016-11-10,,,兵庫,2017-04-18,http://www.mhlw.go.jp/kinkyu/dl/170510-01.pdf
199,,山本建設,兵庫,姫路市,2016-11-29,労働基準法,第62条,年少者労働基準規則,第8条,,,,,,,年少者（当時17歳）を、禁止されている足場の組立作業に従事させたもの,2016-11-29,,,兵庫,2017-04-18,http://www.mhlw.go.jp/kinkyu/dl/170510-01.pdf
200,（カ,淡路貨物自動車,兵庫,洲本市,2016-11-29,最低賃金法,第4条,,,,,,,,,労働者10名に、2年11か月にわたり所定賃金（累計総額約5000万円）を所定支払日に支払わなかったもの,2016-11-29,,,兵庫,2017-04-18,http://www.mhlw.go.jp/kinkyu/dl/170510-01.pdf
201,カ）,家島ドック,兵庫,姫路市,2017-01-20,労働安全衛生法,第20条,クレーン等安全規則,第26条,,,,,,,無資格者に吊上げ荷重5トン以上クレーンを運転させ、かつ同クレーンで違法に人を吊り上げて作業したもの,2017-01-20,,,兵庫,2017-04-18,http://www.mhlw.go.jp/kinkyu/dl/170510-01.pdf
202,（カ,光建工,兵庫,伊丹市,2017-02-16,労働安全衛生法,第21条,労働安全衛生規則第361条,,,,,,,,深さ約1.5ｍの掘削溝の中で地山掘削作業を行わせるに際し、地山の崩壊防止措置を行わなかったもの,2017-02-16,,,兵庫,2017-04-18,http://www.mhlw.go.jp/kinkyu/dl/170510-01.pdf
203,カ）,安田,京都,京都市,2017-02-17,労働安全衛生法,第21条,労働安全衛生規則,第519条,,,,,,,解体工事現場で、直下まで高さ約25ｍある開口部の周囲に墜落防止措置を行っていなかったもの,2017-02-17,,,兵庫,2017-04-18,http://www.mhlw.go.jp/kinkyu/dl/170510-01.pdf
204,（カ）,兵庫県レンダリング 和田山工場,兵庫,朝来市,2017-02-24,労働安全衛生法,第23条,労働安全衛生規則,第544条,,,,,,,つまずいて機械の可動部に巻き込まれるおそれのある作業場の床面を、安全な状態に保持していなかったもの,2017-02-24,,,兵庫,2017-04-18,http://www.mhlw.go.jp/kinkyu/dl/170510-01.pdf
205,カ）,オードレマン,兵庫,尼崎市,2017-03-08,最低賃金法,第4条,,,,,,,,,労働者4名に、2～8か月分の所定賃金（累計総額約134万円）を所定支払日に支払わなかったもの,2017-03-08,,,兵庫,2017-04-18,http://www.mhlw.go.jp/kinkyu/dl/170510-01.pdf
206,ユ）,ＹＡＭＡＴＯ,大阪,堺市,2017-03-22,労働安全衛生法,第14条,労働安全衛生法施行令,第6条,労働安全衛生規則,第565条,,,,,吊り足場の解体工事を行わせるに際し、法定の足場の組立て等作業主任者を選任しなかったもの,2017-03-22,,,兵庫,2017-04-18,http://www.mhlw.go.jp/kinkyu/dl/170510-01.pdf
207,,中村塗装,兵庫,相生市,2017-03-24,最低賃金法,第4条,,,,,,,,,労働者1名に、所定賃金1か月分（総額24万円）を所定支払日に支払わなかったもの,2017-03-24,,,兵庫,2017-04-18,http://www.mhlw.go.jp/kinkyu/dl/170510-01.pdf
208,（カ）,ヤマト運輸 神戸深江支店,兵庫,神戸市,2017-03-24,労働安全衛生法,第20条,労働安全衛生規則,第151条の7,労働者派遣法,第45条,,,,,運転中のフォークリフトと接触するおそれのある場所に、危険防止措置を行わず労働者を立ち入らせたもの,2017-03-24,,,兵庫,2017-04-18,http://www.mhlw.go.jp/kinkyu/dl/170510-01.pdf
209,,ソーイング i,兵庫,美方郡香美町,2017-03-24,最低賃金法,第4条,,,,,,,,,外国人技能実習生6名に3か月間、所定賃金の一部（総額約251万円）を所定支払日に支払わなかったもの,2017-03-24,,,兵庫,2017-04-18,http://www.mhlw.go.jp/kinkyu/dl/170510-01.pdf
210,カ）,立雲,兵庫,朝来市,2017-03-24,労働安全衛生法,第21条,労働安全衛生規則,第518条,,,,,,,急傾斜地の測量を高さ約6ｍの法枠工内で行わせるに際し、墜落防止措置を行わなかったもの,2017-03-24,,,兵庫,2017-04-18,http://www.mhlw.go.jp/kinkyu/dl/170510-01.pdf
211,（カ）,森永乳業 神戸工場,兵庫,神戸市,2017-03-24,労働安全衛生法,第20条,労働安全衛生規則,第107条,,,,,,,機械の不具合を解消（調整）する作業を、その機械にはさまれるおそれがあるのに、機械を停止せず行わせたもの,2017-03-24,,,兵庫,2017-04-18,http://www.mhlw.go.jp/kinkyu/dl/170510-01.pdf
212,カ）,Ｉ・Ｔ・Ｏ 吉野工場,奈良,吉野郡大淀町,2016-10-04,労働安全衛生法,第20条,労働安全衛生規則,第101条,労働者派遣法,第45条,,,,,ベルトコンベヤーに、危険防止措置として覆い等を設置することなく労働者に作業を行わせたもの,2016-10-04,,,奈良,2017-04-18,http://www.mhlw.go.jp/kinkyu/dl/170510-01.pdf
213,カ）,Ｉ・Ｔ・Ｏ,奈良,奈良市,2016-10-11,労働安全衛生法,第61条,労働安全衛生法施行令,第20条,労働者派遣法,第45条,,,,,無資格の労働者にショベルローダーを運転させたもの,2016-10-11,,,奈良,2017-04-18,http://www.mhlw.go.jp/kinkyu/dl/170510-01.pdf
214,カ）,サンミ,奈良,桜井市,2016-12-01,労働安全衛生法,第20条,労働安全衛生規則,第123条,,,,,,,丸のこ盤に、歯の接触予防装置を設置することなく労働者に作業を行わせたもの,2016-12-01,,,奈良,2017-04-18,http://www.mhlw.go.jp/kinkyu/dl/170510-01.pdf
215,カ）,Ｉ・Ｔ・Ｏ,奈良,奈良市,2017-01-19,労働安全衛生法,第20条,労働安全衛生規則,第151条の78,労働者派遣法,第45条,,,,,コンベヤーに、非常停止装置を設置することなく労働者に作業を行わせたもの,2017-01-19,,,奈良,2017-04-18,http://www.mhlw.go.jp/kinkyu/dl/170510-01.pdf
216,,鳳正建設,奈良,宇陀市,2017-01-25,労働安全衛生法,第20条,労働安全衛生規則,第164条,,,,,,,ドラグショベルによる荷のつり上げを行い、ドラグショベルを主たる用途以外の用途に使用したこと,2017-01-25,,,奈良,2017-04-18,http://www.mhlw.go.jp/kinkyu/dl/170510-01.pdf
217,,野崎建設,奈良,香芝市,2017-02-17,労働安全衛生法,第100条,労働安全衛生規則,第97条,,,,,,,約90日間の休業を要する労働災害が発生したのに、遅滞なく労働者死傷病報告を提出しなかったもの,2017-02-17,,,奈良,2017-04-18,http://www.mhlw.go.jp/kinkyu/dl/170510-01.pdf
218,カ）,和歌山吉野組,和歌山,和歌山市,2016-11-08,労働安全衛生法,第20条,労働安全衛生規則,第279条,,,,,,,解体工事現場の天井に易燃性の物体が吹き付けられた状態でガス溶接機を使用させたもの,2016-11-08,,,和歌山,2017-04-18,http://www.mhlw.go.jp/kinkyu/dl/170510-01.pdf
219,カ）,エース産業,和歌山,海南市,2016-11-14,労働基準法,第32条,,,,,,,,,労働者8名に、36協定の延長時間を超える違法な時間外・休日労働を行わせたもの,2016-11-14,,,和歌山,2017-04-18,http://www.mhlw.go.jp/kinkyu/dl/170510-01.pdf
220,（カ,日出染業,和歌山,和歌山市,2017-01-06,労働安全衛生法,第100条,労働安全衛生規則,第97条,,,,,,,フォークリフトの無資格を隠蔽するために虚偽の内容の労働者死傷病報告書を労働基準監督署長に提出したもの,2017-01-06,,,和歌山,2017-04-18,http://www.mhlw.go.jp/kinkyu/dl/170510-01.pdf
221,,吉中工務店,三重,南牟婁郡紀宝町,2017-03-09,労働安全衛生法,第20条,労働安全衛生規則,第563条,,,,,,,高さ2.85ｍの足場において手すり等を設けず、また、転位等しないよう足場を取り付けていなかったもの,2017-03-09,,,和歌山,2017-04-18,http://www.mhlw.go.jp/kinkyu/dl/170510-01.pdf
222,,便利屋若旦那,鳥取,八頭郡若桜町,2016-11-24,最低賃金法,第4条,労働基準法,第24条,,,,,,,労働者3名に、1か月分の定期賃金約21万円を支払わなかったもの,2016-11-24,,,鳥取,2017-04-18,http://www.mhlw.go.jp/kinkyu/dl/170510-01.pdf
223,（カ,安泰アパレル,鳥取,西伯郡伯耆町,2016-11-29,労働基準法,第101条,,,,,,,,,労働基準監督官が臨検した際に虚偽の陳述をし、また、虚偽の記載をした帳簿を提出したもの,2016-11-29,,,鳥取,2017-04-18,http://www.mhlw.go.jp/kinkyu/dl/170510-01.pdf
224,（カ）,Ｌ物流 境港営業所,鳥取,境港市,2016-11-29,労働基準法,第32条,,,,,,,,,労働者3名に、36協定の延長時間を超える違法な時間外労働を行わせたもの,2016-11-29,,,鳥取,2017-04-18,http://www.mhlw.go.jp/kinkyu/dl/170510-01.pdf
225,ユ）,シンセリティ・コンサルタント,鳥取,東伯郡北栄町,2017-01-30,最低賃金法,第4条,労働基準法,第24条,,,,,,,労働者2名に1か月分の定期賃金を支払わなかったもの,2017-01-30,,,鳥取,2017-04-18,http://www.mhlw.go.jp/kinkyu/dl/170510-01.pdf
226,カ）,テクノア,島根,松江市,2016-10-06,労働基準法,第32条,,,,,,,,,労働者3人に36協定の締結・届出なく違法な時間外労働を行わせたもの,2016-10-06,,,島根,2017-04-18,http://www.mhlw.go.jp/kinkyu/dl/170510-01.pdf
227,ユ）,森商建設,島根,邑智郡邑南町,2017-01-20,労働安全衛生法,第20条,労働安全衛生規則,第151条の95,,,,,,,車両系木材伐出機械に接触することにより危険が生ずるおそれのある箇所に労働者を立ち入らせたもの,2017-01-20,,,島根,2017-04-18,http://www.mhlw.go.jp/kinkyu/dl/170510-01.pdf
228,（カ）,日豊トランスポート 浜田営業所,島根,浜田市,2017-03-27,労働基準法,第32条,,,,,,,,,労働者8人に有効な36協定の締結・届出なく違法な時間外労働を行わせたもの,2017-03-27,,,島根,2017-04-18,http://www.mhlw.go.jp/kinkyu/dl/170510-01.pdf
229,カ）,藤井工業,岡山,岡山市,2016-10-07,労働安全衛生法,第100条,労働安全衛生規則,第97条,,,,,,,休業4日以上を要する労働災害が発生したのに、遅滞なく労働者死傷病報告を提出しなかったもの,2016-10-07,,,岡山,2017-04-18,http://www.mhlw.go.jp/kinkyu/dl/170510-01.pdf
230,ユ）,津山緑化,岡山,津山市,2016-10-31,労働安全衛生法,第100条,労働安全衛生規則,第97条,,,,,,,休業1日以上を要する労働災害が発生したのに、報告期日までに労働者死傷病報告を提出しなかったもの,2016-10-31,,,岡山,2017-04-18,http://www.mhlw.go.jp/kinkyu/dl/170510-01.pdf
231,（カ,落合砕石,岡山,真庭市,2016-11-15,労働安全衛生法,第21条,労働安全衛生規則,第519条,,,,,,,高さ4.5ｍの作業通路の端に囲い等を設けることなく労働者に作業を行わせたもの,2016-11-15,,,岡山,2017-04-18,http://www.mhlw.go.jp/kinkyu/dl/170510-01.pdf
232,（カ,竹藤建設,岡山,真庭市,2016-12-09,労働安全衛生法,第20条,労働安全衛生規則,第157条,,,,,,,運行経路の転落防止措置を講じることなく労働者にドラッグ・ショベルを用いて作業を行わせたもの,2016-12-09,,,岡山,2017-04-18,http://www.mhlw.go.jp/kinkyu/dl/170510-01.pdf
233,カ）,ヒラマツ,岡山,新見市,2017-03-21,最低賃金法,第4条,,,,,,,,,労働者2名に、23か月間の定期賃金合計約419万円を支払わなかったもの,2017-03-21,,,岡山,2017-04-18,http://www.mhlw.go.jp/kinkyu/dl/170510-01.pdf
234,（カ,神原タグマリンサービス,広島,福山市,2016-10-11,労働安全衛生法,第14条,労働安全衛生法施行令,第6条,酸素欠乏症等防止規則,第11条,,,,,修繕中の台船のボイドスペースにおける作業において、酸素欠乏危険作業主任者を選任しなかったもの,2016-10-11,,,広島,2017-04-18,http://www.mhlw.go.jp/kinkyu/dl/170510-01.pdf
235,,加藤茂樹（持帰り弁当店）,広島,広島市安佐南区,2016-10-11,最低賃金法,第4条,,,,,,,,,労働者13名に、2か月分の定期賃金約154万円を支払わなかったもの,2016-10-11,,,広島,2017-04-18,http://www.mhlw.go.jp/kinkyu/dl/170510-01.pdf
236,（カ,錦建設,広島,広島市中区,2016-11-02,労働安全衛生法,第31条,労働安全衛生規則,第656条,,,,,,,構造規格に適合しない工事用エレベーターを下請負人に使用させたもの,2016-11-02,,,広島,2017-04-18,http://www.mhlw.go.jp/kinkyu/dl/170510-01.pdf
237,カ）,柑橘屋,広島,三原市,2017-01-20,最低賃金法,第4条,家内労働法,第6条,,,,,,,労働者18名に5か月分の定期賃金約252万円を、家内労働者4名に5か月分の工賃約29万円を支払わなかったもの,2017-01-20,,,広島,2017-04-18,http://www.mhlw.go.jp/kinkyu/dl/170510-01.pdf
238,,おおあさ鳴滝露天温泉,広島,山県郡北広島町,2017-02-22,労働基準法,第24条,,,,,,,,,労働者3名に、3か月分の定期賃金約16万円を支払わなかったもの,2017-02-22,,,広島,2017-04-18,http://www.mhlw.go.jp/kinkyu/dl/170510-01.pdf
239,カ）,ジェイジェイ 広島事業所,広島,広島市中区,2017-02-27,労働基準法,第32条,,,,,,,,,労働者10名に、36協定の延長時間を超える違法な時間外・休日労働を行わせたもの,2017-02-27,,,広島,2017-04-18,http://www.mhlw.go.jp/kinkyu/dl/170510-01.pdf
240,カ）,鯉城協同サービスセンター,広島,広島市中区,2017-03-07,最低賃金法,第4条,,,,,,,,,労働者10名に、3か月分の定期賃金約818万円を支払わなかったもの,2017-03-07,,,広島,2017-04-18,http://www.mhlw.go.jp/kinkyu/dl/170510-01.pdf
241,ユ）,ファッションリフォームエース,広島,呉市,2017-03-29,労働基準法,第24条,,,,,,,,,労働者4名に、5か月分の定期賃金約194万円を支払わなかったもの,2017-03-29,,,広島,2017-04-18,http://www.mhlw.go.jp/kinkyu/dl/170510-01.pdf
242,（カ,藤元建設工業,広島,庄原市,2017-03-14,最低賃金法,第4条,,,,,,,,,労働者26名に、12か月分の定期賃金約536万円を支払わなかったもの,2017-03-14,,,広島,2017-04-18,http://www.mhlw.go.jp/kinkyu/dl/170510-01.pdf
243,,備北森林組合,広島,庄原市,2017-03-29,労働安全衛生法,第21条,労働安全衛生規則第477条,,,,,,,,伐倒の際に立木に絡んだつるを取り除くことなく伐木作業をさせたもの,2017-03-29,,,広島,2017-04-18,http://www.mhlw.go.jp/kinkyu/dl/170510-01.pdf
244,（カ,ＡＲＹ,山口,山口市,2016-12-07,労働基準法,第32条,労働者派遣法,第44条,,,,,,,派遣労働者1名に、36協定の延長時間を超えて違法な時間外労働を行わせたもの,2016-12-07,,,山口,2017-04-18,http://www.mhlw.go.jp/kinkyu/dl/170510-01.pdf
245,,昭和ハウジング,山口,下関市,2016-12-09,労働安全衛生法,第21条,労働安全衛生規則,第519条,,,,,,,高さ約4ｍの一側足場上で、安全帯等を使用させることなく労働者に作業を行わせたもの,2016-12-09,,,山口,2017-04-18,http://www.mhlw.go.jp/kinkyu/dl/170510-01.pdf
246,（カ,高圧プラント検査,広島,呉市,2017-01-26,労働安全衛生法,第30条,労働安全衛生規則,第636条,,,,,,,元請と下請の労働者の作業が同一の場所で行われる際に、労働災害防止のための連絡調整を行わなかったもの,2017-01-26,,,山口,2017-04-18,http://www.mhlw.go.jp/kinkyu/dl/170510-01.pdf
247,,青海島観光ホテル,山口,長門市,2017-02-17,最低賃金法,第4条,,,,,,,,,労働者1名に、1か月間の定期賃金約3万円を支払わなかったもの,2017-02-17,,,山口,2017-04-18,http://www.mhlw.go.jp/kinkyu/dl/170510-01.pdf
248,（カ）,西部運輸 山口支店,山口,山口市,2017-03-23,労働基準法,第32条,,,,,,,,,労働者1名に、36協定の延長時間を超えて違法な時間外労働を行わせたもの,2017-03-23,,,山口,2017-04-18,http://www.mhlw.go.jp/kinkyu/dl/170510-01.pdf
249,（カ,北新工業,徳島,徳島市,2016-11-21,労働安全衛生法,第21条,労働安全衛生規則,第524条,,,,,,,工場外壁の塗装を行わせるに当たり、スレート庇上に踏み抜きによる労働者の危険防止措置を講じなかったもの,2016-11-21,,,徳島,2017-04-18,http://www.mhlw.go.jp/kinkyu/dl/170510-01.pdf
250,カ）,クリエイト伊勢,徳島,鳴門市,2017-02-01,労働基準法,第32条,労働基準法,第37条,,,,,,,技能実習生1名に違法な時間外労働を行わせ、割増賃金約5万円を支払わなかったもの,2017-02-01,,,徳島,2017-04-18,http://www.mhlw.go.jp/kinkyu/dl/170510-01.pdf
251,（カ,谷口生コンクリート,香川,高松市,2016-11-04,労働安全衛生法,第20条,労働安全衛生規則,第107条,,,,,,,機械の掃除を行わせるに当たり、当該機械の再起動を防止するための措置を講じていなかったもの,2016-11-04,,,香川,2017-04-18,http://www.mhlw.go.jp/kinkyu/dl/170510-01.pdf
252,（カ,バンドーレテック,香川,高松市,2016-11-15,労働安全衛生法,第23条,労働安全衛生規則,第540条,労働者派遣法,第45条,,,,,工事現場で、安全に通行できる通路を設けていなかったもの,2016-11-15,,,香川,2017-04-18,http://www.mhlw.go.jp/kinkyu/dl/170510-01.pdf
253,（カ,タカラ繊維,香川,小豆郡土庄町,2016-11-25,労働基準法,第37条,,,,,,,,,技能実習生3名に対し7か月間の時間外労働の割増賃金の一部（総額約88万円）を支払わなかったもの,2016-11-25,,,香川,2017-04-18,http://www.mhlw.go.jp/kinkyu/dl/170510-01.pdf
254,（ユ,シルバアートレ,香川,小豆郡土庄町,2016-11-25,労働基準法,第37条,,,,,,,,,技能実習生3名に対し7か月間の時間外労働の割増賃金の一部（総額約52万円）を支払わなかったもの,2016-11-25,,,香川,2017-04-18,http://www.mhlw.go.jp/kinkyu/dl/170510-01.pdf
255,,美光,香川,小豆郡土庄町,2016-11-25,労働基準法,第37条,,,,,,,,,技能実習生4名に対し7か月間の時間外労働の割増賃金の一部（総額約66万円）を支払わなかったもの,2016-11-25,,,香川,2017-04-18,http://www.mhlw.go.jp/kinkyu/dl/170510-01.pdf
256,カ）,朝日段ボール,香川,高松市,2017-03-24,労働安全衛生法,第21条,労働安全衛生規則,第524条,,,,,,,スレート上で作業を行わせるに際し、踏抜きによる墜落防止措置を講じていなかったもの,2017-03-24,,,香川,2017-04-18,http://www.mhlw.go.jp/kinkyu/dl/170510-01.pdf
257,カ）,黒川木材工業,愛媛,大洲市,2016-11-17,労働安全衛生法,第20条,労働安全衛生規則,第151条の78,,,,,,,ベルトコンベヤーに、非常停止装置を設置することなく労働者に作業を行わせたもの,2016-11-17,,,愛媛,2017-04-18,http://www.mhlw.go.jp/kinkyu/dl/170510-01.pdf
258,ユ）,正栄工業,愛媛,今治市,2016-11-18,労働安全衛生法,第61条,労働安全衛生法施行令,第20条,クレーン等安全規則,第221条,,,,,つり上げ荷重1トン以上のクレーンの玉掛け業務に資格を有しない者を就かせたもの,2016-11-18,,,愛媛,2017-04-18,http://www.mhlw.go.jp/kinkyu/dl/170510-01.pdf
259,,内藤鉄工,愛媛,伊予市,2016-12-05,労働安全衛生法,第61条,労働安全衛生法施行令,第20条,,,,,,,可燃性ガス及び酸素を用いて行う金属の溶断の業務に資格を有しない者を就かせたもの,2016-12-05,,,愛媛,2017-04-18,http://www.mhlw.go.jp/kinkyu/dl/170510-01.pdf
260,カ）,続木鉄工所,愛媛,新居浜市,2016-12-15,労働安全衛生法,第20条,クレーン等安全規則,第219条の2,,,,,,,吊りクランプの用途に応じた玉掛け作業を行わせていなかったもの,2016-12-15,,,愛媛,2017-04-18,http://www.mhlw.go.jp/kinkyu/dl/170510-01.pdf
261,（カ,三原電機工業,愛媛,伊予市,2017-02-16,労働安全衛生法,第21条,労働安全衛生規則,第518条,,,,,,,高さ7.6ｍの天井クレーン上で作業床を設けることなく労働者に作業を行わせたもの,2017-02-16,,,愛媛,2017-04-18,http://www.mhlw.go.jp/kinkyu/dl/170510-01.pdf
262,カ）,井関松山製造所,愛媛,松山市,2017-02-17,労働安全衛生法,第20条,労働安全衛生規則,第107条,,,,,,,ショットブラスト装置の運転を停止させることなく労働者に調整の作業を行わせたもの,2017-02-17,,,愛媛,2017-04-18,http://www.mhlw.go.jp/kinkyu/dl/170510-01.pdf
263,カ）,大昌鉄工所,愛媛,四国中央市,2017-02-20,労働安全衛生法,第100条,労働安全衛生規則,第97条,,,,,,,休業4日以上の労働災害が2件発生したのに、遅滞なく労働者死傷病報告を提出しなかったもの,2017-02-20,,,愛媛,2017-04-18,http://www.mhlw.go.jp/kinkyu/dl/170510-01.pdf
264,（カ,御島工業,愛媛,今治市,2017-03-22,労働安全衛生法,第61条,労働安全衛生法施行令,第20条,クレーン等安全規則,第221条,,,,,つり上げ荷重1トン以上のクレーンの玉掛け業務に資格を有しない者を就かせたもの,2017-03-22,,,愛媛,2017-04-18,http://www.mhlw.go.jp/kinkyu/dl/170510-01.pdf
265,（ユ,古岩建設,愛媛,宇和島市,2017-03-27,労働安全衛生法,第21条,労働安全衛生規則,第534条,,,,,,,地山を安全な勾配とする等の措置を講じることなく労働者に作業を行わせたもの,2017-03-27,,,愛媛,2017-04-18,http://www.mhlw.go.jp/kinkyu/dl/170510-01.pdf
266,カ）,松本,高知,高知市,2016-10-13,最低賃金法,第4条,,,,,,,,,労働者4名に10か月間の定期賃金合計約500万円を支払わなかったもの,2016-10-13,,,高知,2017-04-18,http://www.mhlw.go.jp/kinkyu/dl/170510-01.pdf
267,カ）,Ｇｕｉｌｄ,高知,安芸市,2016-11-30,労働基準法,第32条,,,,,,,,,労働者1名に、36協定の延長時間を超える違法な時間外・休日労働を行わせたもの,2016-11-30,,,高知,2017-04-18,http://www.mhlw.go.jp/kinkyu/dl/170510-01.pdf
268,,吉良建設,高知,高知市,2017-02-20,労働安全衛生法,第100条,労働安全衛生規則,第97条,,,,,,,4日以上の休業を要する労働災害が発生したのに、遅滞なく労働者死傷病報告を提出しなかったもの,2017-02-20,,,高知,2017-04-18,http://www.mhlw.go.jp/kinkyu/dl/170510-01.pdf
269,（カ,小松建設,高知,高知市,2017-02-20,労働安全衛生法,第21条,労働安全衛生規則,第519条,,,,,,,高さ2.7ｍの躯体の端に手すり等を設けることなく労働者に作業を行わせたもの,2017-02-20,,,高知,2017-04-18,http://www.mhlw.go.jp/kinkyu/dl/170510-01.pdf
270,カ）,あすなろ 四国支社,高知,高知市,2017-03-15,労働安全衛生法,第20条,労働安全衛生規則,第151条の7,,,,,,,フォークリフトを用いた作業の際に誘導者の配置等の接触防止措置を行うことなく労働者に作業を行わせたもの,2017-03-15,,,高知,2017-04-18,http://www.mhlw.go.jp/kinkyu/dl/170510-01.pdf
271,カ）,東豊興業,高知,長岡郡大豊町,2017-03-15,労働安全衛生法,第21条,労働安全衛生規則,第519条,,,,,,,高さ2ｍ以上の小段の端に手すり等を設けることなく労働者に作業を行わせたもの,2017-03-15,,,高知,2017-04-18,http://www.mhlw.go.jp/kinkyu/dl/170510-01.pdf
272,カ）,ペイントスクラム,高知,須崎市,2017-03-22,最低賃金法,第4条,,,,,,,,,労働者5名に2か月間の定期賃金合計約130万円を支払わなかったもの,2017-03-22,,,高知,2017-04-18,http://www.mhlw.go.jp/kinkyu/dl/170510-01.pdf
273,カ）,エム＆アール,福岡,北九州市門司区,2016-10-18,労働安全衛生法,第100条,労働安全衛生規則,第97条,,,,,,,労働者1名の休業災害について、労働者死傷病報告を労働基準監督署長に提出していなかったもの,2016-10-18,,,福岡,2017-04-18,http://www.mhlw.go.jp/kinkyu/dl/170510-01.pdf
274,ユ）,楓工業,福岡,福岡市西区,2016-10-21,労働安全衛生法,第21条,労働安全衛生規則,第524条,労働者派遣法,第45条,,,,,高さ約8ｍのスレート屋根で作業を行わせるに際し、踏み抜きによる墜落防止措置を講じていなかったもの,2016-10-21,,,福岡,2017-04-18,http://www.mhlw.go.jp/kinkyu/dl/170510-01.pdf
275,（カ,大成印刷,福岡,福岡市博多区,2016-11-22,労働基準法,第32条,,,,,,,,,労働者2名に違法な長時間労働を行わせたもの,2016-11-22,,,福岡,2017-04-18,http://www.mhlw.go.jp/kinkyu/dl/170510-01.pdf
276,カ）,真組,福岡,北九州市八幡西区,2016-11-25,労働安全衛生法,第20条,労働安全衛生規則,第564条,,,,,,,足場4層目の手すりがない箇所で作業を行わせるに際し、安全帯を取り付ける設備を設けていなかったもの,2016-11-25,,,福岡,2017-04-18,http://www.mhlw.go.jp/kinkyu/dl/170510-01.pdf
277,カ）,正信,福岡,福岡市博多区,2016-12-09,労働安全衛生法,第45条,労働安全衛生法施行令,第15条,クレーン等安全規則,第34条,,,,,天井クレーン定期自主検査を行う際に、荷重試験を行っていなかったもの,2016-12-09,,,福岡,2017-04-18,http://www.mhlw.go.jp/kinkyu/dl/170510-01.pdf
278,,祐徳産業,福岡,遠賀郡芦屋町,2017-02-07,労働安全衛生法,第100条,労働安全衛生規則,第97条,,,,,,,労働者1名の休業災害について、労働者死傷病報告を労働基準監督署長に提出していなかったもの,2017-02-07,,,福岡,2017-04-18,http://www.mhlw.go.jp/kinkyu/dl/170510-01.pdf
279,カ）,都市開発コンサルタント,福岡,北九州市戸畑区,2017-02-13,最低賃金法,第4条,,,,,,,,,労働者6名に9か月分賃金を支払わなかったもの,2017-02-13,,,福岡,2017-04-18,http://www.mhlw.go.jp/kinkyu/dl/170510-01.pdf
280,カ）,ユアファースト,福岡,福岡市博多区,2017-02-16,最低賃金法,第4条,,,,,,,,,労働者3名に1か月分賃金を支払わなかったもの,2017-02-16,,,福岡,2017-04-18,http://www.mhlw.go.jp/kinkyu/dl/170510-01.pdf
281,（カ）,出水運輸センター福岡営業所,鹿児島,出水市,2017-02-22,労働基準法,第32条,,,,,,,,,トラック運転手に違法な長時間労働を行わせていたもの,2017-02-22,,,福岡,2017-04-18,http://www.mhlw.go.jp/kinkyu/dl/170510-01.pdf
282,カ）,エイディークリエイト,福岡,福岡市博多区,2017-03-06,最低賃金法,第4条,,,,,,,,,労働者2名に対し4～9か月分の賃金を支払わなかったもの,2017-03-06,,,福岡,2017-04-18,http://www.mhlw.go.jp/kinkyu/dl/170510-01.pdf
283,カ）,大京穴吹建設,香川,高松市,2017-03-10,労働安全衛生法,第31条,労働安全衛生規則,第653条,,,,,,,屋上防水作業において、高さ14.4ｍの箇所で作業を行わせるに際し、墜落防止措置を講じていなかったもの,2017-03-10,,,福岡,2017-04-18,http://www.mhlw.go.jp/kinkyu/dl/170510-01.pdf
284,,山本建創,福岡,福岡市南区,2017-03-10,労働安全衛生法,第21条,労働安全衛生規則,第519条,,,,,,,屋上防水作業において、高さ14.4ｍの箇所で作業を行わせるに際し、墜落防止措置を講じていなかったもの,2017-03-10,,,福岡,2017-04-18,http://www.mhlw.go.jp/kinkyu/dl/170510-01.pdf
285,（カ,嘉賀建設,福岡,小郡市,2017-03-14,労働安全衛生法,第21条,労働安全衛生規則,第519条,,,,,,,倉庫の屋根の洗浄作業を行っていた被災者が、1階屋根（高さ3.2ｍ）から地上へ墜落したもの,2017-03-14,,,福岡,2017-04-18,http://www.mhlw.go.jp/kinkyu/dl/170510-01.pdf
286,,らんち亭,福岡,久留米市,2017-03-14,最低賃金法,第4条,,,,,,,,,労働者1名に3か月分の賃金を支払わなかったもの,2017-03-14,,,福岡,2017-04-18,http://www.mhlw.go.jp/kinkyu/dl/170510-01.pdf
287,（カ,不動鋼板工業,福岡,北九州市戸畑区,2017-03-21,労働安全衛生法,第21条,労働安全衛生規則,第519条,,,,,,,深さ2.14ｍの開口部のそばで作業を行わせるに際し、囲い、手すり等の墜落防止措置を講じていなかったもの,2017-03-21,,,福岡,2017-04-18,http://www.mhlw.go.jp/kinkyu/dl/170510-01.pdf
288,カ）,スリービー,福岡,福岡市博多区,2017-03-21,最低賃金法,第4条,,,,,,,,,労働者14名に2か月分賃金及び労働者6名に1か月分賃金を支払わなかったもの,2017-03-21,,,福岡,2017-04-18,http://www.mhlw.go.jp/kinkyu/dl/170510-01.pdf
289,カ）,家工房木の匠,福岡,北九州市八幡西区,2017-03-24,労働安全衛生法,第21条,労働安全衛生規則,第518条,,,,,,,住宅新築工事現場において、高さ5.85ｍの梁上で作業を行わせるに際し、墜落防止措置を講じていなかったもの,2017-03-24,,,福岡,2017-04-18,http://www.mhlw.go.jp/kinkyu/dl/170510-01.pdf
290,ユ）,富士土木,福岡,飯塚市,2017-03-27,労働安全衛生法,第100条,労働安全衛生規則,第97条,,,,,,,労働者1名の休業災害について、労働者死傷病報告を労働基準監督署長に提出していなかったもの,2017-03-27,,,福岡,2017-04-18,http://www.mhlw.go.jp/kinkyu/dl/170510-01.pdf
291,,ＪＰ工業,福岡,飯塚市,2017-03-27,労働安全衛生法,第100条,労働安全衛生規則,第97条,,,,,,,労働者1名の休業災害について、労働者死傷病報告を労働基準監督署長に提出していなかったもの,2017-03-27,,,福岡,2017-04-18,http://www.mhlw.go.jp/kinkyu/dl/170510-01.pdf
292,,オフィスＴ＆Ｍ,佐賀,佐賀市,2017-03-01,最低賃金法,第4条,,,,,,,,,労働者1名に、2か月間の定期賃金合計約60万円を所定支払日に支払わなかったもの,2017-03-01,,,佐賀,2017-04-18,http://www.mhlw.go.jp/kinkyu/dl/170510-01.pdf
293,カ）,ビオエシカル,佐賀,伊万里市,2017-03-10,最低賃金法,第4条,,,,,,,,,労働者3名に、3か月間の定期賃金合計約100万円を所定支払日に支払わなかったもの,2017-03-10,,,佐賀,2017-04-18,http://www.mhlw.go.jp/kinkyu/dl/170510-01.pdf
294,（カ,野中建設,佐賀,佐賀市,2017-03-14,労働安全衛生法,第59条,労働安全衛生規則第36条,,,,,,,,護岸工事において、ローラーの運転の業務に係る特別教育を実施せず労働者に作業を行わせたもの,2017-03-14,,,佐賀,2017-04-18,http://www.mhlw.go.jp/kinkyu/dl/170510-01.pdf
295,（カ）,福岡造船 長崎工場,長崎,長崎市,2017-03-01,労働安全衛生法,第30条,労働安全衛生規則,第636条,,,,,,,関係請負人間の連絡調整が行われず、滞留していた可燃性ガスに溶接の火花が引火して爆発災害が発生したもの,2017-03-01,,,長崎,2017-04-18,http://www.mhlw.go.jp/kinkyu/dl/170510-01.pdf
296,カ）,昭大建設,長崎,対馬市,2017-03-15,労働安全衛生法,第21条,労働安全衛生規則,第524条,,,,,,,幅が30㎝以上の歩み板を設け、防網を張る等の措置を講じずにビニール屋根の上で作業させたもの,2017-03-15,,,長崎,2017-04-18,http://www.mhlw.go.jp/kinkyu/dl/170510-01.pdf
297,カ）,創栄建設,長崎,壱岐市,2017-03-17,労働安全衛生法,第20条,労働安全衛生規則,第151条の78,,,,,,,非常の場合に直ちにコンベヤーの運転を停止することができる装置を備えていなかったもの,2017-03-17,,,長崎,2017-04-18,http://www.mhlw.go.jp/kinkyu/dl/170510-01.pdf
298,（カ,金納建設,長崎,島原市,2017-03-21,労働安全衛生法,第31条,労働安全衛生規則,第653条,,,,,,,高さが2ｍ以上の箇所で囲い、手すり、覆い等を設けていなかったもの,2017-03-21,,,長崎,2017-04-18,http://www.mhlw.go.jp/kinkyu/dl/170510-01.pdf
299,,池上板金工業所,長崎,島原市,2017-03-21,労働安全衛生法,第21条,労働安全衛生規則,第519条,労働者派遣法,第45条,,,,,高さが2ｍ以上の箇所で囲い、手すり、覆い等を設けていなかったもの,2017-03-21,,,長崎,2017-04-18,http://www.mhlw.go.jp/kinkyu/dl/170510-01.pdf
300,カ）,大島造船所,長崎,西海市,2017-03-29,労働安全衛生法,第21条,労働安全衛生規則,第537条,,,,,,,鉄骨の落下による危険回避のため、防網の設備を設け、立入区域を設定する等の措置を講じなかったもの,2017-03-29,,,長崎,2017-04-18,http://www.mhlw.go.jp/kinkyu/dl/170510-01.pdf
301,（カ,松本木材,熊本,荒尾市,2016-10-14,労働安全衛生法,第14条,労働安全衛生法施行令,第6条,労働安全衛生規則,第130条,,,,,木材加工用機械作業主任者に、木材加工用機械を取り扱う作業を直接指揮させていなかったもの,2016-10-14,,,熊本,2017-04-18,http://www.mhlw.go.jp/kinkyu/dl/170510-01.pdf
302,カ）,大喜,熊本,天草市,2016-11-18,労働安全衛生法,第100条,労働安全衛生規則,第97条,,,,,,,労働者が労働災害により4日以上休業したにもかかわらず、遅滞なく労働者死傷病報告を提出しなかったもの,2016-11-18,,,熊本,2017-04-18,http://www.mhlw.go.jp/kinkyu/dl/170510-01.pdf
303,カ）,篠﨑造船鉄工所,熊本,宇城市,2016-12-02,労働安全衛生法,第61条,労働安全衛生法施行令,第20条,クレーン等安全規則,第22条,,,,,つり上げ荷重10.4トンのクレーンの運転業務に、クレーン運転士免許を持たない労働者を従事させたもの,2016-12-01,,,熊本,2017-04-18,http://www.mhlw.go.jp/kinkyu/dl/170510-01.pdf
304,（カ,松尾建設,佐賀,佐賀市,2017-01-23,労働安全衛生法,第20条,労働安全衛生規則,第240条,,,,,,,型枠支保工を組み立てる際に、予め適正に強度計算を行った組立図を作成していなかったもの,2017-01-23,,,熊本,2017-04-18,http://www.mhlw.go.jp/kinkyu/dl/170510-01.pdf
305,,絆ホーム,熊本,玉名市,2017-02-17,労働安全衛生法,第21条,労働安全衛生規則,第519条,,,,,,,高さ3.6ｍの住宅の屋根上で労働者に作業を行わせるにあたり、墜落防止措置を講じなかったもの,2017-02-17,,,熊本,2017-04-18,http://www.mhlw.go.jp/kinkyu/dl/170510-01.pdf
306,（カ,スキタ鉄工,熊本,八代市,2017-03-17,労働安全衛生法,第20条,労働安全衛生規則,第107条,,,,,,,ベルトコンベヤーを掃除する際に、労働者に危険を及ぼすおそれがあったが、運転を停止しなかったもの,2017-03-17,,,熊本,2017-04-18,http://www.mhlw.go.jp/kinkyu/dl/170510-01.pdf
307,カ）,下出工業,広島,広島市,2017-03-21,労働安全衛生法,第14条,労働安全衛生法施行令,第6条,石綿障害予防規則,第19条,,,,,熊本地震の被災家屋の公費解体現場において、石綿作業主任者を選任することなく解体作業を行わせたもの,2017-03-21,,,熊本,2017-04-18,http://www.mhlw.go.jp/kinkyu/dl/170510-01.pdf
308,,周巧舎,大分,大分市,2016-10-20,労働安全衛生法,第100条,労働安全衛生規則,第97条,,,,,,,49日間の休業を要する労働災害が発生したのに、遅滞なく労働者死傷病報告を提出しなかったもの,2016-10-20,,,大分,2017-04-18,http://www.mhlw.go.jp/kinkyu/dl/170510-01.pdf
309,カ）,大村林業,大分,日田市,2016-10-20,労働安全衛生法,第20条,労働安全衛生規則,第151条の87,,,,,,,車両系木材伐出機械に原木等の飛来による危険を防止するための防護柵等の設備を運転席に備えていなかったもの,2016-10-20,,,大分,2017-04-18,http://www.mhlw.go.jp/kinkyu/dl/170510-01.pdf
310,（カ,日照港運,大分,大分市,2017-02-20,労働安全衛生法,第20条,労働安全衛生規則,第104条,,,,,,,バキューム車荷台のハッチを閉じる作業について、合図を定めず、合図をする者の指名もしていなかったもの,2017-02-20,,,大分,2017-04-18,http://www.mhlw.go.jp/kinkyu/dl/170510-01.pdf
311,（カ,九築工業,福岡,北九州市,2017-02-16,労働安全衛生法,第20条,労働安全衛生規則,第255条,,,,,,,多量の高熱物を取扱う作業で、高熱物の飛散、流出等による火傷防止のための措置を講じていなかったもの,2017-02-16,,,大分,2017-04-18,http://www.mhlw.go.jp/kinkyu/dl/170510-01.pdf
312,カ）,ニッショー,大分,大分市,2017-03-16,労働安全衛生法,第100条,労働安全衛生規則,第97条,,,,,,,約300日間の休業を要する労働災害が発生したのに、休業3日とした虚偽の労働者死傷病報告を提出したもの,2017-03-16,,,大分,2017-04-18,http://www.mhlw.go.jp/kinkyu/dl/170510-01.pdf
313,,加藤浩一郎事務所,大分,大分市,2017-01-27,労働安全衛生法,第103条,労働安全衛生法及びこれに基づく命令に係る登録及び指定に関する省令,第24条,,,,,,,16名に対する玉掛け技能講習に関して、法令に基づく帳簿に虚偽の記載を行ったもの,2017-01-26,,,宮崎,2017-04-18,http://www.mhlw.go.jp/kinkyu/dl/170510-01.pdf
314,フク）,豊の里,宮崎,都城市,2017-03-16,労働基準法,第5条,,,,,,,,,関連法人3事業場と共謀のうえ、外国人留学生の労働者6名の意思に反して、労働を強制させたもの,2017-03-16,,,宮崎,2017-04-18,http://www.mhlw.go.jp/kinkyu/dl/170510-01.pdf
315,ユ）,宮崎県福祉開発センター,宮崎,都城市,2017-03-16,労働基準法,第5条,,,,,,,,,関連法人3事業場と共謀のうえ、外国人留学生の労働者6名の意思に反して、労働を強制させたもの,2017-03-16,,,宮崎,2017-04-18,http://www.mhlw.go.jp/kinkyu/dl/170510-01.pdf
316,イ）,豊栄会,宮崎,都城市,2017-03-16,労働基準法,第5条,,,,,,,,,関連法人3事業場と共謀のうえ、外国人留学生の労働者6名の意思に反して、労働を強制させたもの,2017-03-16,,,宮崎,2017-04-18,http://www.mhlw.go.jp/kinkyu/dl/170510-01.pdf
317,ユ）,豊栄エンタープライズ,宮崎,都城市,2017-03-16,労働基準法,第5条,,,,,,,,,関連法人3事業場と共謀のうえ、外国人留学生の労働者6名の意思に反して、労働を強制させたもの,2017-03-16,,,宮崎,2017-04-18,http://www.mhlw.go.jp/kinkyu/dl/170510-01.pdf
318,ユ）,徳丸産業,宮崎,都城市,2017-03-23,労働安全衛生法,第30条,労働安全衛生規則,第636条,,,,,,,家屋等解体工事にあたり、随時、同一の場所で作業を行う関係請負人と連絡調整を行わなかったもの,2017-03-23,,,宮崎,2017-04-18,http://www.mhlw.go.jp/kinkyu/dl/170510-01.pdf
319,,末広商会,宮崎,都城市,2017-03-23,労働安全衛生法,第20条,労働安全衛生規則,第151条の7,,,,,,,家屋等解体工事で、コンクリートの運搬作業を行うに当たり、貨物自動車の走行範囲に労働者を立ち入らせたもの,2017-03-23,,,宮崎,2017-04-18,http://www.mhlw.go.jp/kinkyu/dl/170510-01.pdf
320,ユ）,畠久保牧場,鹿児島,指宿市,2016-11-22,労働安全衛生法,第61条,労働安全衛生法施行令,第20条,,,,,,,資格を有しない労働者に、トラクター・ショベルの運転を行わせたもの,2016-11-22,,,鹿児島,2017-04-18,http://www.mhlw.go.jp/kinkyu/dl/170510-01.pdf
321,カ）,テクノクロス九州,鹿児島,霧島市,2016-11-30,労働基準法,第32条,,,,,,,,,労働者19名に、36協定の延長時間を超える違法な時間外労働を行わせたもの,2016-11-30,,,鹿児島,2017-04-18,http://www.mhlw.go.jp/kinkyu/dl/170510-01.pdf
322,カ）,ツカサ,鹿児島,阿久根市,2017-03-01,労働安全衛生法,第21条,労働安全衛生規則,第519条,,,,,,,安全帯を使用させることなく、労働者に高さ8.5ｍの法肩で作業を行わせたもの,2017-03-01,,,鹿児島,2017-04-18,http://www.mhlw.go.jp/kinkyu/dl/170510-01.pdf
323,,リキャールドパリ 久米店,沖縄,那覇市,2016-10-18,最低賃金法,第4条,,,,,,,,,労働者4名に、4か月分の定期賃金合計約44万円を支払わなかったもの,2016-10-18,,,沖縄,2017-04-18,http://www.mhlw.go.jp/kinkyu/dl/170510-01.pdf
324,,竜宮石材,沖縄,宮古島市,2016-11-08,労働安全衛生法,第100条,労働安全衛生規則,第97条,,,,,,,入院約50日を要する労働災害が発生したにもかかわらず、遅滞なく労働者死傷病報告書を提出しなかったもの,2016-11-08,,,沖縄,2017-04-18,http://www.mhlw.go.jp/kinkyu/dl/170510-01.pdf
325,,仲秀左官工業,沖縄,沖縄市,2017-02-15,労働安全衛生法,第100条,労働安全衛生規則,第97条,,,,,,,入院約70日を要する労働災害が発生したにもかからわず、遅滞なく労働者死傷病報告書を提出しなかったもの,2017-02-15,,,沖縄,2017-04-18,http://www.mhlw.go.jp/kinkyu/dl/170510-01.pdf
326,,仲程興業,沖縄,豊見城市,2017-02-15,労働安全衛生法,第21条,労働安全衛生規則,第537条,,,,,,,地上約5ｍにある解体作業中の建物庇下に危険箇所への立入禁止措置をすることなく作業を行わせたもの,2017-02-15,,,沖縄,2017-04-18,http://www.mhlw.go.jp/kinkyu/dl/170510-01.pdf
327,カ）,翔開発,沖縄,中頭郡嘉手納町,2017-02-15,労働安全衛生法,第21条,労働安全衛生規則,第537条,,,,,,,地上約5ｍにある解体作業中の建物庇下に危険箇所への立入禁止措置をすることなく作業を行わせたもの,2017-02-15,,,沖縄,2017-04-18,http://www.mhlw.go.jp/kinkyu/dl/170510-01.pdf
328,（カ）,我那覇豚肉店 焼肉乃我那覇新館,沖縄,名護市,2017-02-21,労働基準法,第32条,,,,,,,,,労働者3名に、36協定を締結・届出することなく、違法な時間外労働を行わせていたもの,2017-02-21,,,沖縄,2017-04-18,http://www.mhlw.go.jp/kinkyu/dl/170510-01.pdf
329,ユ）,フレッシュミートがなは 本店,沖縄,名護市,2017-02-21,労働基準法,第32条,,,,,,,,,労働者10名に、36協定を締結・届出することなく、違法な時間外労働を行わせていたもの,2017-02-21,,,沖縄,2017-04-18,http://www.mhlw.go.jp/kinkyu/dl/170510-01.pdf
330,カ）,あんしん 本社営業所,沖縄,浦添市,2017-03-09,労働基準法,第32条,,,,,,,,,労働者7名に、36協定の延長時間を超える違法な時間外労働を行わせたもの,2017-03-09,,,沖縄,2017-04-18,http://www.mhlw.go.jp/kinkyu/dl/170510-01.pdf
331,カ）,サージェリー,沖縄,那覇市,2017-03-23,最低賃金法,第4条,,,,,,,,,労働者19名に、2か月分の定期賃金合計約215万円を支払わなかったもの,2017-03-23,,,沖縄,2017-04-18,http://www.mhlw.go.jp/kinkyu/dl/170510-01.pdf
332,（カ,東洋コンクリート,沖縄,中頭郡西原町,2017-03-23,労働安全衛生法,第20条,労働安全衛生規則,第164条,,,,,,,掘削用のドラグ・ショベルを主たる用途以外の用途に使用させていたもの,2017-03-23,,,沖縄,2017-04-18,http://www.mhlw.go.jp/kinkyu/dl/170510-01.pdf
333,イ）,ティーシマ クリニックひがし野,沖縄,中頭郡西原町,2017-03-24,最低賃金法,第4条,,,,,,,,,労働者12名に、3か月分の定期賃金合計約875万円の賃金を支払っていなかったもの,2017-03-24,,,沖縄,2017-04-18,http://www.mhlw.go.jp/kinkyu/dl/170510-01.pdf
334,（カ）,ミヤギ産業 空港前給油所,沖縄,石垣市,2017-03-28,労働基準法,第32条,,,,,,,,,労働者7名に、36協定の延長時間を超える違法な時間外労働を行わせたもの,2017-03-28,,,沖縄,2017-04-18,http://www.mhlw.go.jp/kinkyu/dl/170510-01.pdf
